-- phpMyAdmin SQL Dump
-- version 4.4.15.10
-- https://www.phpmyadmin.net
--
-- Host: 10.200.8.124
-- Generation Time: Sep 19, 2019 at 03:44 PM
-- Server version: 5.5.55-0+deb7u1-log
-- PHP Version: 7.3.5

SET SQL_MODE = "NO_AUTO_VALUE_ON_ZERO";
SET time_zone = "+00:00";


/*!40101 SET @OLD_CHARACTER_SET_CLIENT=@@CHARACTER_SET_CLIENT */;
/*!40101 SET @OLD_CHARACTER_SET_RESULTS=@@CHARACTER_SET_RESULTS */;
/*!40101 SET @OLD_COLLATION_CONNECTION=@@COLLATION_CONNECTION */;
/*!40101 SET NAMES utf8mb4 */;

--
-- Database: `ugunduzi`
--

-- --------------------------------------------------------

--
-- Table structure for table `crop`
--

CREATE TABLE IF NOT EXISTS `crop` (
  `crop_id` int(10) unsigned NOT NULL,
  `crop_name` varchar(30) NOT NULL,
  `crop_variety` varchar(30) NOT NULL,
  `crop_name_english` varchar(30) NOT NULL
) ENGINE=InnoDB AUTO_INCREMENT=51 DEFAULT CHARSET=utf8;

--
-- Dumping data for table `crop`
--

INSERT INTO `crop` (`crop_id`, `crop_name`, `crop_variety`, `crop_name_english`) VALUES
(1, 'Mahindi', '', 'Maize'),
(2, 'Mihogo', '', 'Cassava'),
(3, 'Choroko', '', 'Mung beans'),
(4, 'Alizeti', '', 'Sunflower'),
(5, 'Viazi vitamu', '', 'Sweet potato'),
(6, 'Ufuta', '', 'Sesame'),
(7, 'Kunde', '', 'Pigeon peas'),
(8, 'Mpunga', '', 'Rice'),
(9, 'Matango', '', 'Cucumber'),
(10, 'Bamia', '', 'Okra'),
(11, 'Mipapai', '', 'Papaya'),
(12, 'Michungwa', '', 'Orange'),
(13, 'Miembe', '', 'Mango'),
(14, 'Matembele', '', 'Sweet potato leaves'),
(15, 'Migomba', '', 'Banana'),
(16, 'Mbaazi', '', 'Peas'),
(17, 'Karanga', '', 'Nuts'),
(18, 'Nyanya', '', 'Tomato'),
(19, 'Mikorosho', '', 'Cashew nuts'),
(20, 'Mchicha', '', 'Amaranth'),
(21, 'Matikiti', '', 'Melon'),
(23, 'Nyanya chungu', '', 'African eggplant'),
(24, 'Bilinganya', '', 'Eggplant'),
(26, 'Maboga', '', 'Pumpkin'),
(27, 'Maharage', '', 'Beans'),
(28, 'Vitunguu maji', '', 'Tender garlic'),
(29, 'Vitunguu swaumu', '', 'Garlic'),
(30, 'Mtama', '', 'Millet'),
(31, 'Pilipili hoho', '', 'Bell pepper'),
(32, 'Rozela', '', 'Rosella'),
(33, 'Kabichi', '', 'Cabbage'),
(34, 'Aloe vera', '', 'Aloe vera'),
(35, 'Mwarubaini', '', 'Neem'),
(36, 'Korosho', '', 'Cashew'),
(37, 'Milonge', '', 'Moringa'),
(38, 'Utupa', '', 'Tephrosia'),
(39, 'Mkuna', '', 'Mkuna beans'),
(40, 'Fiwi', '', 'Lima beans'),
(41, 'Njugu', '', 'Bambara nuts'),
(42, 'Upupu', '', 'Upupu'),
(43, 'Pasheni', '', 'Passion fruit'),
(44, 'Ulezi', '', 'Finger millet'),
(45, 'Mnavu', '', 'Mnavu'),
(46, 'Figiri', '', 'Fig'),
(47, 'Karoti', '', 'Carrots'),
(48, 'Pilipili', '', 'Chili'),
(49, 'Nanasi', '', 'Pineapple'),
(50, 'Soya', '', 'Soybean');

-- --------------------------------------------------------

--
-- Table structure for table `crop_x_plot`
--

CREATE TABLE IF NOT EXISTS `crop_x_plot` (
  `crop_x_plot_id` int(10) unsigned NOT NULL,
  `crop_id` int(10) unsigned NOT NULL,
  `plot_id` int(10) unsigned NOT NULL
) ENGINE=InnoDB AUTO_INCREMENT=789 DEFAULT CHARSET=utf8;

--
-- Dumping data for table `crop_x_plot`
--

INSERT INTO `crop_x_plot` (`crop_x_plot_id`, `crop_id`, `plot_id`) VALUES
(1, 1, 1),
(2, 1, 2),
(3, 4, 3),
(4, 17, 3),
(5, 4, 4),
(6, 17, 4),
(31, 1, 23),
(32, 7, 23),
(33, 1, 24),
(34, 7, 24),
(35, 1, 25),
(36, 7, 25),
(37, 1, 26),
(38, 7, 26),
(46, 1, 32),
(47, 1, 33),
(48, 1, 34),
(63, 1, 44),
(64, 3, 44),
(65, 1, 45),
(66, 3, 45),
(67, 1, 46),
(68, 3, 46),
(69, 1, 47),
(70, 3, 47),
(71, 1, 48),
(72, 1, 49),
(96, 8, 0),
(97, 0, 0),
(98, 2, 0),
(99, 2, 0),
(105, 1, 0),
(106, 0, 0),
(107, 2, 0),
(108, 2, 0),
(109, 1, 0),
(110, 0, 0),
(111, 2, 0),
(112, 2, 0),
(113, 0, 0),
(114, 3, 0),
(115, 1, 0),
(116, 2, 0),
(117, 2, 72),
(118, 7, 73),
(119, 2, 73),
(120, 2, 74),
(121, 2, 75),
(124, 8, 79),
(125, 1, 80),
(126, 7, 80),
(127, 7, 81),
(128, 1, 81),
(141, 8, 93),
(142, 8, 94),
(143, 8, 95),
(144, 36, 97),
(150, 3, 101),
(151, 36, 101),
(152, 10, 102),
(153, 40, 102),
(154, 24, 103),
(155, 40, 104),
(165, 1, 117),
(166, 24, 118),
(167, 46, 118),
(168, 46, 119),
(175, 8, 0),
(176, 0, 0),
(181, 8, 0),
(182, 0, 0),
(183, 2, 0),
(184, 0, 0),
(185, 3, 0),
(190, 2, 143),
(191, 2, 144),
(194, 1, 0),
(196, 2, 150),
(197, 7, 151),
(198, 2, 151),
(199, 7, 152),
(200, 2, 152),
(201, 2, 153),
(202, 7, 153),
(203, 2, 0),
(213, 2, 167),
(214, 26, 168),
(215, 1, 168),
(216, 1, 169),
(217, 7, 169),
(218, 1, 170),
(219, 1, 171),
(220, 7, 171),
(221, 1, 172),
(222, 26, 173),
(223, 1, 173),
(224, 1, 174),
(225, 7, 174),
(226, 1, 175),
(227, 1, 176),
(228, 7, 176),
(229, 1, 177),
(232, 1, 180),
(233, 7, 180),
(234, 6, 181),
(235, 6, 182),
(240, 1, 0),
(241, 0, 0),
(242, 2, 0),
(243, 2, 0),
(244, 1, 187),
(245, 1, 188),
(246, 7, 188),
(247, 7, 189),
(248, 1, 189),
(249, 1, 190),
(250, 1, 191),
(251, 1, 192),
(252, 4, 192),
(253, 26, 193),
(254, 1, 193),
(255, 1, 194),
(256, 2, 194),
(257, 1, 195),
(258, 2, 195),
(259, 6, 196),
(260, 6, 197),
(261, 1, 198),
(262, 7, 199),
(263, 1, 199),
(264, 1, 200),
(265, 26, 200),
(266, 1, 201),
(267, 1, 202),
(268, 26, 202),
(269, 26, 203),
(270, 1, 203),
(271, 1, 204),
(272, 1, 205),
(273, 2, 206),
(274, 2, 207),
(275, 7, 207),
(276, 2, 208),
(277, 7, 208),
(278, 10, 209),
(279, 10, 210),
(280, 31, 211),
(281, 31, 212),
(282, 1, 213),
(283, 1, 214),
(284, 7, 215),
(285, 7, 216),
(286, 10, 217),
(287, 10, 218),
(288, 8, 219),
(293, 8, 224),
(294, 8, 225),
(311, 8, 240),
(312, 8, 241),
(313, 1, 242),
(314, 1, 243),
(315, 8, 244),
(316, 8, 245),
(317, 8, 246),
(318, 7, 247),
(319, 2, 247),
(320, 7, 248),
(321, 2, 248),
(322, 7, 249),
(323, 2, 249),
(324, 7, 250),
(325, 2, 250),
(326, 8, 251),
(327, 8, 252),
(328, 6, 253),
(329, 6, 254),
(330, 7, 255),
(331, 7, 256),
(332, 3, 257),
(333, 3, 258),
(334, 1, 259),
(335, 1, 260),
(336, 8, 261),
(337, 8, 262),
(339, 2, 265),
(340, 17, 266),
(341, 2, 266),
(342, 2, 267),
(343, 17, 268),
(344, 2, 268),
(345, 17, 269),
(346, 17, 270),
(347, 17, 271),
(348, 4, 272),
(352, 4, 274),
(373, 8, 279),
(374, 2, 280),
(375, 1, 281),
(376, 7, 282),
(377, 2, 283),
(378, 1, 284),
(379, 7, 285),
(383, 4, 290),
(384, 7, 290),
(385, 4, 291),
(386, 7, 291),
(387, 4, 294),
(388, 3, 294),
(389, 40, 294),
(390, 17, 294),
(391, 7, 295),
(392, 7, 296),
(397, 3, 300),
(398, 7, 300),
(399, 3, 301),
(400, 7, 301),
(401, 40, 302),
(402, 8, 303),
(403, 3, 0),
(404, 7, 0),
(405, 0, 0),
(406, 1, 0),
(409, 7, 308),
(412, 3, 311),
(413, 32, 0),
(414, 1, 0),
(416, 1, 313),
(417, 7, 313),
(418, 1, 314),
(419, 7, 314),
(420, 47, 317),
(423, 46, 0),
(424, 0, 0),
(425, 1, 0),
(426, 27, 320),
(427, 1, 320),
(428, 10, 321),
(429, 21, 321),
(430, 8, 322),
(431, 1, 323),
(432, 32, 324),
(433, 1, 325),
(434, 1, 326),
(435, 8, 327),
(436, 8, 328),
(437, 1, 329),
(438, 1, 330),
(439, 8, 331),
(440, 8, 332),
(441, 8, 333),
(442, 8, 334),
(443, 8, 335),
(444, 10, 336),
(445, 33, 337),
(446, 8, 0),
(447, 0, 0),
(448, 8, 338),
(449, 8, 339),
(450, 8, 340),
(451, 8, 341),
(452, 8, 342),
(453, 1, 343),
(454, 1, 344),
(455, 1, 0),
(456, 7, 0),
(457, 0, 0),
(458, 1, 0),
(459, 2, 0),
(460, 2, 0),
(461, 2, 0),
(462, 6, 0),
(463, 2, 0),
(464, 7, 0),
(465, 16, 345),
(466, 1, 346),
(467, 3, 347),
(468, 10, 348),
(471, 1, 351),
(472, 1, 352),
(476, 7, 358),
(477, 1, 358),
(478, 2, 358),
(479, 7, 359),
(480, 1, 359),
(481, 2, 359),
(485, 8, 363),
(486, 8, 364),
(487, 8, 365),
(488, 8, 366),
(489, 8, 367),
(490, 2, 368),
(491, 7, 368),
(492, 2, 369),
(493, 7, 370),
(494, 2, 370),
(495, 33, 371),
(496, 1, 373),
(497, 1, 374),
(498, 16, 374),
(499, 1, 375),
(500, 7, 375),
(501, 3, 375),
(502, 4, 375),
(503, 26, 375),
(504, 7, 376),
(505, 1, 377),
(506, 2, 380),
(507, 2, 381),
(508, 7, 387),
(509, 1, 387),
(510, 4, 388),
(511, 1, 388),
(512, 30, 389),
(513, 1, 389),
(514, 8, 393),
(515, 8, 394),
(516, 8, 395),
(517, 2, 396),
(518, 1, 397),
(519, 1, 398),
(520, 6, 399),
(521, 46, 400),
(535, 1, 0),
(536, 0, 0),
(538, 1, 419),
(539, 1, 420),
(543, 10, 425),
(544, 10, 426),
(545, 10, 427),
(546, 10, 428),
(547, 34, 0),
(548, 10, 0),
(549, 24, 430),
(550, 4, 431),
(551, 1, 432),
(552, 46, 433),
(553, 40, 433),
(554, 24, 0),
(569, 8, 453),
(570, 8, 454),
(571, 7, 455),
(581, 10, 465),
(582, 10, 466),
(583, 7, 469),
(584, 10, 470),
(585, 23, 471),
(586, 23, 473),
(587, 23, 474),
(588, 7, 475),
(589, 2, 475),
(590, 10, 476),
(591, 23, 477),
(592, 5, 483),
(599, 2, 491),
(600, 2, 492),
(601, 7, 492),
(602, 2, 493),
(603, 2, 494),
(604, 14, 495),
(605, 14, 499),
(606, 2, 500),
(607, 2, 501),
(608, 18, 502),
(609, 18, 503),
(610, 10, 504),
(611, 17, 506),
(612, 17, 507),
(613, 7, 508),
(614, 7, 509),
(618, 1, 0),
(619, 1, 513),
(620, 8, 517),
(621, 8, 518),
(622, 23, 519),
(623, 8, 520),
(624, 8, 521),
(626, 46, 524),
(627, 10, 525),
(628, 7, 526),
(629, 11, 527),
(635, 31, 538),
(636, 31, 539),
(637, 23, 540),
(638, 10, 541),
(639, 10, 542),
(640, 31, 543),
(641, 31, 544),
(642, 10, 545),
(643, 10, 546),
(644, 7, 547),
(645, 10, 548),
(646, 23, 550),
(647, 23, 551),
(648, 14, 552),
(654, 2, 563),
(655, 3, 563),
(656, 1, 564),
(657, 2, 568),
(658, 3, 568),
(659, 8, 569),
(660, 27, 570),
(661, 18, 571),
(662, 20, 572),
(663, 2, 573),
(664, 2, 574),
(665, 2, 575),
(666, 7, 575),
(667, 7, 577),
(668, 7, 578),
(669, 4, 579),
(670, 31, 581),
(671, 31, 582),
(672, 10, 583),
(673, 10, 584),
(674, 31, 585),
(675, 31, 586),
(676, 46, 587),
(677, 33, 0),
(678, 1, 0),
(679, 33, 0),
(680, 1, 0),
(681, 1, 0),
(682, 1, 0),
(683, 0, 0),
(684, 48, 589),
(686, 26, 601),
(687, 26, 603),
(708, 1, 623),
(709, 1, 624),
(710, 10, 625),
(711, 10, 626),
(712, 48, 627),
(713, 48, 628),
(714, 2, 629),
(715, 2, 630),
(716, 2, 631),
(717, 7, 631),
(718, 1, 632),
(719, 1, 633),
(720, 10, 634),
(721, 10, 635),
(722, 48, 636),
(723, 48, 637),
(724, 2, 638),
(725, 2, 639),
(726, 2, 640),
(727, 7, 640),
(728, 1, 641),
(729, 1, 642),
(730, 10, 643),
(731, 10, 644),
(732, 48, 645),
(733, 48, 646),
(734, 2, 647),
(735, 2, 648),
(736, 2, 649),
(737, 7, 649),
(738, 4, 650),
(739, 4, 651),
(740, 4, 652),
(741, 4, 653),
(742, 1, 654),
(743, 1, 655),
(744, 10, 656),
(745, 10, 657),
(746, 48, 658),
(747, 48, 659),
(748, 2, 660),
(749, 2, 661),
(750, 2, 662),
(751, 7, 662),
(754, 21, 665),
(755, 10, 666),
(756, 10, 667),
(757, 21, 668),
(758, 1, 669),
(759, 7, 670),
(760, 1, 670),
(761, 1, 671),
(762, 1, 672),
(763, 26, 672),
(764, 1, 673),
(765, 26, 673),
(766, 1, 674),
(767, 1, 675),
(768, 7, 675),
(769, 1, 676),
(770, 7, 676),
(771, 1, 677),
(772, 7, 677),
(773, 1, 678),
(774, 1, 679),
(775, 7, 679),
(776, 1, 680),
(777, 7, 680),
(778, 1, 681),
(779, 7, 681),
(780, 45, 682),
(781, 28, 682),
(782, 20, 682),
(783, 31, 682),
(784, 4, 683),
(785, 4, 684),
(786, 4, 685),
(787, 4, 686),
(788, 4, 687);

-- --------------------------------------------------------

--
-- Table structure for table `data_item`
--

CREATE TABLE IF NOT EXISTS `data_item` (
  `data_item_id` int(10) unsigned NOT NULL,
  `data_item_name` varchar(100) NOT NULL,
  `data_item_default_units_id` int(10) unsigned NOT NULL,
  `data_item_type` int(10) unsigned NOT NULL COMMENT '0=cost, 1=quantity & units, 2=cost, quantity, units',
  `is_crop_specific` tinyint(1) NOT NULL,
  `is_treatment_specific` tinyint(1) NOT NULL,
  `data_item_name_english` varchar(30) NOT NULL,
  `is_retroactive` tinyint(1) NOT NULL DEFAULT '0'
) ENGINE=InnoDB AUTO_INCREMENT=17 DEFAULT CHARSET=utf8;

--
-- Dumping data for table `data_item`
--

INSERT INTO `data_item` (`data_item_id`, `data_item_name`, `data_item_default_units_id`, `data_item_type`, `is_crop_specific`, `is_treatment_specific`, `data_item_name_english`, `is_retroactive`) VALUES
(1, 'Maandalizi ya shamba', 0, 0, 0, 0, 'Land preparation', 0),
(2, 'Kupanda', 0, 0, 1, 0, 'Planting', 0),
(4, 'Mavuno', 1, 1, 1, 0, 'Yield', 0),
(5, 'Utumiaji (Matibabu)', 1, 1, 0, 1, 'Application (treatment)', 0),
(6, 'Bei (Mbegu)', 1, 2, 1, 0, 'Costs (seeds)', 0),
(7, 'Bei (Matibabu)', 1, 2, 0, 1, 'Costs (treatment)', 0),
(8, 'Mauzo', 1, 3, 1, 0, 'Sales', 1),
(9, 'Palizi', 0, 0, 0, 0, 'Weeding', 0),
(10, 'Kupogolea', 0, 0, 1, 0, 'Pruning', 0),
(11, 'Kuhifadhi', 0, 0, 1, 0, 'Storage', 1),
(12, 'Usafiri', 0, 0, 1, 0, 'Transport', 0),
(13, 'Kodi', 0, 0, 0, 0, 'Rent', 0),
(14, 'Chombo', 0, 0, 0, 0, 'Tool', 0),
(15, 'Gharama nyingine', 1, 0, 0, 0, 'Other costs', 1),
(16, 'Faida nyingine', 1, 4, 0, 0, 'Other benefits', 1);

-- --------------------------------------------------------

--
-- Table structure for table `farm`
--

CREATE TABLE IF NOT EXISTS `farm` (
  `farm_id` int(10) unsigned NOT NULL,
  `farm_app_id` int(10) unsigned NOT NULL,
  `user_id` int(10) unsigned NOT NULL,
  `farm_name` varchar(30) NOT NULL,
  `farm_size_acres` float unsigned NOT NULL,
  `farm_date_created` date NOT NULL,
  `farm_version` int(10) unsigned NOT NULL
) ENGINE=InnoDB AUTO_INCREMENT=325 DEFAULT CHARSET=utf8;

--
-- Dumping data for table `farm`
--

INSERT INTO `farm` (`farm_id`, `farm_app_id`, `user_id`, `farm_name`, `farm_size_acres`, `farm_date_created`, `farm_version`) VALUES
(1, 0, 30, 'Shamba 1', 1, '2019-02-02', 0),
(8, 0, 49, 'Shamba 1', 1, '2019-02-05', 0),
(9, 0, 5, 'Shamba 1', 1, '2019-02-05', 0),
(11, 1, 49, 'Shamba 1', 1, '2019-02-05', 0),
(15, 0, 11, 'Shamba 1', 1, '2019-02-05', 0),
(16, 1, 11, 'Shamba 2', 1, '2019-02-05', 0),
(17, 1, 13, 'Shamba 1', 1, '2019-02-05', 0),
(26, 1, 39, 'Shamba 1', 1, '2019-02-08', 0),
(27, 2, 39, 'sikula', 1, '2019-02-08', 0),
(30, 0, 24, 'Shamba 1', 1.75, '2019-02-08', 0),
(34, 0, 22, 'Shamba 1', 2.38, '2019-02-08', 0),
(35, 1, 22, 'Shamba 2', 1, '2019-02-08', 0),
(37, 3, 39, 'chambezi', 1, '2019-02-09', 0),
(38, 1, 12, 'Shavllmba 1', 1.01, '2019-02-08', 0),
(39, 2, 50, 'a 1shamba bondeni', 1, '2019-02-13', 0),
(46, 22, 2, 'Shamba 1', 1, '2019-02-24', 0),
(48, 1, 36, 'BagamoyoAbdalah Pazi', 0.25, '2019-02-28', 0),
(51, 4, 43, 'Chambezi', 0.5, '2019-03-06', 0),
(52, 0, 10, 'Shamba 1', 1, '2019-03-09', 0),
(55, 1, 24, 'katiba 2', 1.5, '2019-03-06', 0),
(56, 2, 24, 'mkombozi 2', 1.58, '2019-03-08', 0),
(58, 9, 18, 'Shamba  la buma', 2, '2019-03-18', 0),
(60, 0, 51, 'Shamba 1', 1, '2019-03-22', 0),
(62, 7, 20, 'utafiti', 0.25, '2019-03-20', 0),
(64, 22, 18, 'Shamba la buma  1', 2.5, '2019-03-27', 0),
(66, 3, 27, 'Shamba la kuku', 1.5, '2019-03-21', 0),
(73, 29, 18, 'Shamba 1', 2.5, '2019-03-28', 0),
(74, 3, 14, 'Shamba 1', 2.24, '2019-03-12', 0),
(75, 3, 14, 'parkursi ngobwa vianzi', 2.24, '2019-03-14', 1),
(78, 10, 26, 'Shamba jingine', 1, '2019-02-15', 0),
(79, 11, 26, 'Shamba la ufuta', 1, '2019-02-25', 0),
(80, 14, 26, 'Shamba 2laufuta latumaini', 0.06, '2019-03-28', 0),
(81, 3, 36, 'MoroFarm Tabu', 1, '2019-04-01', 0),
(82, 4, 36, 'MoroFarm Parcus', 0.5, '2019-04-01', 0),
(83, 5, 36, 'MoroFarm Betina', 1.004, '2019-04-01', 0),
(84, 6, 36, 'MoroFarm Teddy', 1, '2019-04-01', 0),
(85, 7, 36, 'MoroFarm Tausi', 0.501, '2019-04-01', 0),
(86, 8, 36, 'MoroFarm Shomari', 0.501, '2019-04-01', 0),
(87, 9, 36, 'MoroFarm Zainabu', 1, '2019-04-01', 0),
(88, 10, 36, 'MoroFarm Eugenia', 0.333, '2019-04-01', 0),
(89, 11, 36, 'BagaFarm Fatuma', 0.25, '2019-04-02', 0),
(90, 12, 36, 'BagaFarm Rehema', 0.25, '2019-04-02', 0),
(91, 13, 36, 'BagaFarm Nuru', 1, '2019-05-03', 0),
(92, 14, 36, 'BagaFarm Pazi', 0.25, '2019-04-02', 0),
(93, 15, 36, 'BagaFarm AnnaMacha', 1, '2019-05-04', 0),
(95, 17, 36, 'BagaFarm Fadhili', 0.5, '2019-04-02', 0),
(96, 18, 36, 'BagaFarm Mwanaidi', 0.501, '2019-04-02', 0),
(97, 19, 36, 'BagaFarm AbdalahMahamud', 0.25, '2019-04-02', 0),
(98, 20, 36, 'BagaFarm Parango', 0.5, '2019-04-02', 0),
(99, 21, 36, 'MasasiFarm Zena', 0.252, '2019-04-02', 0),
(100, 27, 36, 'MasasiFarm Laina', 5, '2019-04-02', 0),
(101, 28, 36, 'MasasiFarm MuhamedSmusia', 0.25, '2019-04-02', 0),
(103, 6, 50, 'Shamba 1mpungs chags', 11, '2019-04-13', 0),
(104, 0, 32, 'utafiti', 0.75, '2019-02-02', 0),
(105, 0, 32, 'utafiti', 1, '2019-03-05', 1),
(106, 2, 32, 'Shamba 1', 1, '2019-03-13', 0),
(107, 4, 32, 'Shamba 2', 1, '2019-03-30', 0),
(109, 7, 14, 'Shamba 2', 1, '2019-04-06', 0),
(112, 7, 50, 'Shamba 1', 1, '2019-04-19', 0),
(113, 11, 29, 'Shamba 1', 1, '2019-03-05', 0),
(115, 2, 28, 'Shamba 1', 1, '2019-04-23', 0),
(118, 3, 38, 'Shamba 1', 1, '2019-04-23', 0),
(120, 4, 38, 'Shamba nangose', 5, '2019-04-23', 0),
(121, 3, 38, 'Shamba 1', 1, '2019-04-23', 1),
(122, 4, 31, 'Shamba 1', 20.51, '2019-04-23', 1),
(123, 4, 31, 'Shamba 1', 20.51, '2019-04-23', 0),
(124, 2, 28, 'Shamba 1', 1, '2019-04-23', 1),
(125, 5, 31, 'Shamba 2', 1, '2019-04-23', 0),
(128, 1, 30, 'Shamba 2', 1, '2019-04-23', 0),
(131, 6, 31, 'Shamba 3', 5, '2019-04-23', 0),
(133, 0, 9, 'Shamba la utafiti', 1, '2019-02-05', 0),
(136, 1, 30, 'Shamba 2', 1, '2019-04-23', 1),
(138, 6, 31, 'Shamba 3', 5, '2019-04-23', 1),
(139, 0, 51, 'Shamba 1', 1, '2019-04-24', 0),
(140, 8, 35, 'Shamba 1', 1, '2019-04-29', 0),
(141, 11, 50, 'Shamba 1', 1, '2019-04-30', 0),
(142, 9, 35, 'Shamba 2', 0.5, '2019-04-30', 0),
(143, 10, 35, 'Shamba 3', 1, '2019-04-30', 0),
(144, 11, 35, 'Shamba la utafiti', 1, '2019-05-01', 0),
(145, 24, 36, 'MasasiFarm Ndimbo', 1, '2019-05-01', 1),
(146, 8, 20, 'Shamba la utafiti mpunga', 0.12, '2019-04-28', 0),
(147, 9, 20, 'Shamba la mpunga', 1.5, '2019-05-01', 0),
(148, 6, 32, 'Shamba 3', 1, '2019-04-23', 0),
(149, 6, 32, 'Shamba 3', 1, '2019-04-23', 1),
(150, 12, 16, 'Shamba 1', 1, '2019-05-03', 0),
(151, 13, 16, 'Shamba shamba mama mpunga', 1, '2019-05-03', 0),
(152, 4, 24, 'Shamba la utafiti', 0.5, '2019-05-03', 0),
(153, 0, 47, 'Shamba 1', 1, '2019-05-04', 0),
(154, 10, 20, 'Shamba la mahindi', 0.125, '2019-05-05', 0),
(155, 16, 26, 'shamba la utafiti', 0.25, '2019-04-30', 0),
(156, 12, 35, 'Shamba5', 25, '2019-05-07', 0),
(158, 10, 44, 'Shamba la mahindi', 0.5, '2019-05-07', 0),
(162, 7, 7, 'Shamba la utafiti', 0.25, '2019-05-06', 0),
(165, 8, 28, 'Shamba la utafiti', 0.25, '2019-05-01', 0),
(166, 2, 22, 'Shamba 1', 1, '2019-05-08', 0),
(167, 0, 10, 'Shamba 1', 1, '2019-05-14', 0),
(168, 13, 35, 'Shamba 6', 0.25, '2019-05-14', 0),
(169, 3, 33, 'mbemba 1', 0.5, '2019-04-27', 0),
(170, 3, 33, 'mbemba 1', 0.5, '2019-05-01', 1),
(171, 7, 14, 'shamba darasa tumaini vianzi', 2, '2019-05-12', 1),
(172, 9, 14, 'Shamba 2', 1, '2018-01-01', 0),
(173, 8, 7, 'Shamba la mahindi', 1, '2012-01-03', 0),
(174, 14, 50, 'Shamba 2', 41, '2019-05-22', 0),
(175, 15, 50, 'Shamba 2', 1, '2019-05-22', 0),
(176, 16, 50, 'Shamba 2', 1, '2019-05-22', 0),
(177, 17, 50, 'Shamba 3', 1, '2019-05-23', 0),
(178, 23, 25, 'Shamba 1', 1, '2019-04-24', 0),
(179, 24, 25, 'Shamba 1', 1, '2019-04-24', 0),
(182, 4, 6, 'Shamba 1', 1, '2019-05-09', 0),
(183, 5, 6, 'Shamba mabona', 1, '2019-05-28', 0),
(184, 18, 50, 'Shamba 4 utafiti mahindi mtama', 8.7525, '2019-06-08', 0),
(185, 16, 35, 'Shamba la alizet', 0.5, '2019-06-08', 0),
(186, 0, 23, 'Shamb lautafiti', 1.25, '2019-02-08', 0),
(187, 0, 23, 'Shamb lautafiti', 1.25, '2019-02-08', 1),
(188, 1, 23, 'Shamba 1muhongo', 1, '2019-02-08', 0),
(189, 25, 2, 'Shamba 2', 1.5, '2019-06-11', 0),
(190, 17, 26, 'Shamba 2laufuta la tumaini', 1, '2019-05-17', 0),
(191, 11, 20, 'chambezi bustani mbogamboga na', 7.5, '2019-06-13', 0),
(198, 0, 40, '1', 1, '2019-07-11', 0),
(199, 1, 40, 'Shamba 1', 1, '2019-07-11', 0),
(201, 2, 52, 'Shamba 1', 1, '2019-07-10', 0),
(206, 5, 24, 'BAMIA2', 5, '2019-07-10', 0),
(208, 0, 40, '1', 1, '2019-07-11', 1),
(209, 2, 52, 'Shamba 1', 1, '2019-07-11', 1),
(210, 2, 40, 'g', 1, '2019-07-11', 0),
(223, 5, 63, 'utafiti', 0.625, '2019-07-10', 0),
(224, 6, 63, 'mgongol', 1, '2019-07-11', 0),
(228, 3, 56, 'Shamba 1', 1, '2019-07-10', 0),
(231, 3, 56, 'Shamba 1', 1, '2019-07-11', 1),
(232, 2, 65, 'Shamba 1', 1, '2019-07-10', 0),
(233, 2, 65, 'Shamba 1', 1, '2019-07-10', 1),
(234, 3, 65, 'Shamba 2', 1, '2019-07-10', 0),
(235, 2, 65, 'Shamba 1', 1, '2019-07-11', 2),
(237, 5, 52, 'Shamba 3', 1, '2019-07-12', 0),
(238, 10, 14, 'Shamba ya viyazi vtamu', 1, '2019-06-27', 0),
(243, 8, 25, 'Shule', 3.4, '2019-06-19', 0),
(244, 9, 25, 'Shamba 8', 1, '2019-07-24', 0),
(247, 10, 56, 'umoja', 0.25, '2019-07-30', 0),
(248, 1, 19, 'Shamba la utafiti', 1.04, '2019-07-30', 0),
(249, 3, 21, 'Shamba 1', 0.75, '2019-07-30', 0),
(251, 25, 2, 'Shamba 2', 1, '2019-07-30', 1),
(253, 2, 23, 'Shamba 1', 1, '2019-07-24', 0),
(254, 3, 23, 'Shamba 5', 0.3, '2019-07-24', 0),
(255, 2, 23, 'Shamba 1', 1, '2019-07-24', 1),
(257, 11, 20, 'chambezi bustani mbogamboga na', 1, '2019-08-01', 1),
(264, 11, 25, 'Shamba 1', 1, '2019-08-05', 0),
(265, 1, 17, 'Shamba 9', 0.1, '2019-07-31', 0),
(266, 2, 17, 'Shamba 2', 0.2, '2019-08-02', 0),
(267, 5, 66, 'Shamba 1mataya', 1, '2019-07-13', 0),
(268, 5, 66, 'Shamba 1mataya', 1, '2019-07-22', 1),
(269, 12, 56, 'Shamba 2', 1, '2019-08-01', 0),
(270, 13, 56, 'Shamba 3', 1, '2019-08-03', 0),
(271, 14, 56, 'Shamba 4', 1, '2019-08-03', 0),
(272, 3, 17, 'Shamba 3', 1, '2019-08-09', 0),
(273, 12, 25, 'Shamba 2', 1, '2019-08-10', 0),
(274, 4, 17, 'Shamba 46', 1, '2019-08-13', 0),
(281, 26, 2, 'Shamba 3', 1, '2019-08-16', 0),
(282, 26, 2, 'Shamba 3', 1, '2019-08-16', 1),
(283, 13, 20, 'maharage', 0.083, '2019-08-18', 0),
(284, 19, 35, 'Shamba la nyanya', 0.25, '2019-08-18', 0),
(285, 5, 17, 'Shamba 40', 0.125, '2019-08-22', 0),
(286, 7, 17, 'Shamba 4', 0.08, '2019-08-24', 0),
(287, 8, 17, 'Shamba 5', 0.08, '2019-08-24', 0),
(288, 9, 17, 'Shamba 6', 0.08, '2019-08-24', 0),
(289, 4, 52, 'Shamba 2', 1, '2019-07-11', 0),
(290, 2, 30, 'Shamba 3', 1, '2019-05-01', 0),
(291, 5, 54, 'shamba la  utafiti', 1, '2012-01-01', 0),
(292, 25, 53, 'Shamba 1', 1, '2019-08-27', 0),
(293, 10, 66, 'Shamb', 25, '2019-08-22', 0),
(294, 5, 66, 'Shamba 1mataya', 1, '2019-08-22', 2),
(295, 10, 17, 'Shamba 7', 1, '2019-08-31', 0),
(297, 11, 17, 'Shamba 8', 0.6, '2019-09-03', 0),
(302, 33, 61, 'Shamba 1', 6.06, '2019-09-04', 0),
(303, 33, 61, 'Shamba 1', 1, '2019-09-04', 1),
(304, 33, 61, 'Shamba 1', 1, '2019-09-04', 2),
(305, 34, 61, 'Shamba 2', 1, '2019-09-04', 0),
(306, 34, 61, 'Shamba 2', 1, '2019-09-05', 1),
(310, 12, 17, 'Shamba la Utafiti', 1, '2019-09-07', 0),
(311, 12, 17, 'Shamba la Utafiti', 1, '2019-09-07', 0),
(312, 12, 17, 'Shamba la Utafiti', 1, '2019-09-07', 0),
(313, 9, 27, 'Shamba 1a utafiti', 1, '2019-08-27', 0),
(314, 12, 17, 'Shamba la Utafiti', 1, '2019-09-07', 0),
(316, 18, 62, 'Shamba 1', 0.5, '2019-09-14', 0),
(317, 4, 6, 'Shamba 1', 1, '2019-09-14', 1),
(318, 15, 15, 'msufini', 0.501, '2019-08-29', 0),
(319, 2, 5, 'maajire', 1, '2019-03-18', 0),
(320, 3, 5, 'mikese', 2, '2019-07-23', 0),
(321, 11, 14, 'Shamba 3', 1, '2019-09-03', 0),
(322, 2, 13, 'ng ambo lelini', 0.33, '2019-05-22', 0),
(323, 2, 13, 'ng ambo lelini', 1, '2019-09-14', 1),
(324, 35, 61, 'Shamba 3', 1, '2019-09-08', 0);

-- --------------------------------------------------------

--
-- Table structure for table `log`
--

CREATE TABLE IF NOT EXISTS `log` (
  `log_id` int(10) unsigned NOT NULL,
  `plot_id` int(10) NOT NULL,
  `log_date` date NOT NULL,
  `log_data_item_id` int(10) unsigned NOT NULL,
  `log_quantity` float unsigned NOT NULL,
  `log_value` float unsigned NOT NULL,
  `log_units_id` int(10) unsigned NOT NULL,
  `log_crop_id` int(10) unsigned NOT NULL,
  `log_treatment_id` int(10) unsigned NOT NULL,
  `log_comments` text NOT NULL,
  `log_picture` varchar(100) NOT NULL,
  `log_sound` varchar(100) NOT NULL
) ENGINE=InnoDB AUTO_INCREMENT=8012 DEFAULT CHARSET=utf8;

--
-- Dumping data for table `log`
--

INSERT INTO `log` (`log_id`, `plot_id`, `log_date`, `log_data_item_id`, `log_quantity`, `log_value`, `log_units_id`, `log_crop_id`, `log_treatment_id`, `log_comments`, `log_picture`, `log_sound`) VALUES
(22, 1, '2019-02-02', 0, 0, 0, 0, 0, 0, '', '/img/img22.jpg', '/snd/snd22.mp3'),
(23, 2, '2019-02-02', 0, 0, 0, 0, 0, 0, '', '/img/img23.jpg', '/snd/snd23.mp3'),
(24, 3, '2019-02-02', 0, 0, 0, 0, 0, 0, '', '/img/img24.jpg', '/snd/snd24.mp3'),
(25, 4, '2019-02-02', 0, 0, 0, 0, 0, 0, '', '/img/img25.jpg', '/snd/snd25.mp3'),
(51, -1, '2019-02-05', 0, 0, 0, 0, 0, 0, '', '/img/img51.jpg', '/snd/snd51.mp3'),
(57, -1, '2019-02-05', 0, 0, 0, 0, 0, 0, '', '/img/img57.jpg', '/snd/snd57.mp3'),
(73, -1, '2019-02-05', 0, 0, 0, 0, 0, 0, '', '/img/img73.jpg', '/snd/snd73.mp3'),
(75, 46, '2019-02-05', 6, 2, 6000, 1, 1, 0, '', '', ''),
(76, 47, '2019-02-05', 7, 2, 1500, 1, 0, 3, '', '', ''),
(107, -1, '2019-02-05', 0, 0, 0, 0, 0, 0, '', '/img/img107.jpg', '/snd/snd107.mp3'),
(108, -10, '2019-02-05', 0, 0, 0, 0, 0, 0, '', '/img/img108.jpg', '/snd/snd108.mp3'),
(111, -1, '2019-02-08', 0, 0, 0, 0, 0, 0, '', '/img/img111.jpg', '/snd/snd111.mp3'),
(112, -1, '2019-02-08', 0, 0, 0, 0, 0, 0, '', '/img/img112.jpg', '/snd/snd112.mp3'),
(113, -26, '2019-01-08', 1, 0, 120000, 0, 0, 0, 'nimelima+kwa+trekta', '', ''),
(116, -26, '2019-01-08', 1, 0, 120000, 0, 0, 0, 'nimelima+kwa+trekta', '', ''),
(119, -30, '2019-02-01', 1, 0, 105000, 0, 0, 0, 'nimelima+kwa+tekta', '', ''),
(121, 81, '2019-02-08', 0, 0, 0, 0, 0, 0, '', '/img/img121.jpg', '/snd/snd121.mp3'),
(122, -26, '2019-01-08', 1, 0, 120000, 0, 0, 0, 'nimelima+kwa+trekta', '', ''),
(128, -26, '2019-01-08', 1, 0, 120000, 0, 0, 0, 'nimelima+kwa+trekta', '', ''),
(132, -26, '2019-01-08', 1, 0, 120000, 0, 0, 0, 'nimelima+kwa+trekta', '', ''),
(135, -34, '2019-02-08', 1, 0, 50000, 0, 0, 0, 'nimelima+kwa+mkono', '', ''),
(137, 94, '2019-02-08', 0, 0, 0, 0, 0, 0, '', '/img/img137.jpg', '/snd/snd137.mp3'),
(138, 93, '2019-02-03', 6, 1, 20000, 2, 8, 0, 'mbawa+mbili', '', ''),
(139, 94, '2019-02-08', 0, 0, 0, 0, 0, 0, '', '/img/img139.jpg', '/snd/snd139.mp3'),
(140, -26, '2019-01-08', 1, 0, 120000, 0, 0, 0, 'nimelima+kwa+trekta', '', ''),
(143, -26, '2019-01-08', 1, 0, 120000, 0, 0, 0, 'nimelima+kwa+trekta', '', ''),
(144, 73, '2018-12-05', 6, 2, 4000, 1, 7, 0, 'vuliwani', '', ''),
(145, 73, '2019-01-14', 6, 20, 5000, 8, 2, 0, 'aina+ya+mbegu+mkuranga', '', ''),
(146, 73, '2019-02-08', 0, 0, 0, 0, 0, 0, '', '/img/img146.jpg', '/snd/snd146.mp3'),
(147, 101, '2019-01-09', 6, 2, 6000, 1, 3, 0, 'mbegu+ya+kienyeji', '', ''),
(148, 101, '2019-02-03', 2, 0, 1000, 0, 3, 0, 'nimetumia+vibarua', '', ''),
(149, 101, '2019-02-09', 1, 0, 20000, 0, 0, 0, 'nimelima+kwa+mkono', '', ''),
(150, 101, '2019-02-09', 0, 0, 0, 0, 0, 0, '', '/img/img150.jpg', '/snd/snd150.mp3'),
(154, -38, '2019-02-08', 1, 0, 45000, 0, 0, 0, '', '', ''),
(155, -38, '2019-02-08', 15, 0, 20080, 0, 0, 0, '', '', ''),
(156, -38, '2019-02-08', 9, 0, 25000, 0, 0, 0, '', '', ''),
(157, -38, '2019-02-08', 1, 0, 45000, 0, 0, 0, '', '', ''),
(158, -38, '2019-02-08', 15, 0, 20080, 0, 0, 0, '', '', ''),
(159, -38, '2019-02-08', 9, 0, 25000, 0, 0, 0, '', '', ''),
(161, -40, '2019-02-14', 16, 0, 10000, 0, 0, 0, 'hello', '', ''),
(163, -40, '2019-02-14', 0, 0, 0, 0, 0, 0, '', '/img/img163.jpg', '/snd/snd163.mp3'),
(176, -1, '2019-03-09', 0, 0, 0, 0, 0, 0, '', '/img/img176.jpg', '/snd/snd176.mp3'),
(178, 144, '2018-02-15', 6, 10, 40000, 8, 2, 0, 'sari', '', ''),
(179, 144, '2019-03-08', 0, 0, 0, 0, 0, 0, '', '/img/img179.jpg', '/snd/snd179.mp3'),
(180, 144, '2019-03-08', 0, 0, 0, 0, 0, 0, '', '/img/img180.jpg', '/snd/snd180.mp3'),
(181, 144, '2019-03-08', 0, 0, 0, 0, 0, 0, '', '/img/img181.jpg', '/snd/snd181.mp3'),
(182, 144, '2019-03-08', 0, 0, 0, 0, 0, 0, '', '/img/img182.jpg', '/snd/snd182.mp3'),
(183, 144, '2019-03-13', 0, 0, 0, 0, 0, 0, '', '/img/img183.jpg', '/snd/snd183.mp3'),
(184, 143, '2017-09-06', 2, 0, 1580, 0, 2, 0, 'safi', '', ''),
(185, 143, '2019-03-06', 0, 0, 0, 0, 0, 0, '', '/img/img185.jpg', '/snd/snd185.mp3'),
(186, 143, '2019-03-06', 0, 0, 0, 0, 0, 0, '', '/img/img186.jpg', '/snd/snd186.mp3'),
(187, 143, '2019-03-06', 0, 0, 0, 0, 0, 0, '', '/img/img187.jpg', '/snd/snd187.mp3'),
(188, 143, '2019-03-06', 0, 0, 0, 0, 0, 0, '', '/img/img188.jpg', '/snd/snd188.mp3'),
(189, 143, '2019-03-06', 0, 0, 0, 0, 0, 0, '', '/img/img189.jpg', '/snd/snd189.mp3'),
(190, 143, '2019-03-06', 0, 0, 0, 0, 0, 0, '', '/img/img190.jpg', '/snd/snd190.mp3'),
(191, -55, '2019-03-06', 0, 0, 0, 0, 0, 0, '', '/img/img191.jpg', '/snd/snd191.mp3'),
(201, 150, '2019-03-20', 0, 0, 0, 0, 0, 0, '', '/img/img201.jpg', '/snd/snd201.mp3'),
(249, 180, '2019-02-15', 0, 0, 0, 0, 0, 0, '', '/img/img249.jpg', '/snd/snd249.mp3'),
(253, 180, '2019-02-15', 0, 0, 0, 0, 0, 0, '', '/img/img253.jpg', '/snd/snd253.mp3'),
(254, 180, '2019-02-15', 0, 0, 0, 0, 0, 0, '', '/img/img254.jpg', '/snd/snd254.mp3'),
(259, 181, '2019-02-25', 0, 0, 0, 0, 0, 0, '', '/img/img259.jpg', '/snd/snd259.mp3'),
(260, 181, '2019-03-28', 0, 0, 0, 0, 0, 0, '', '/img/img260.jpg', '/snd/snd260.mp3'),
(261, 181, '2018-12-13', 6, 2, 16000, 1, 6, 0, '', '', ''),
(262, 181, '2019-01-09', 1, 0, 8500, 0, 0, 0, '', '', ''),
(263, 181, '2019-01-16', 2, 0, 55000, 0, 6, 0, '', '', ''),
(264, 181, '2019-02-15', 10, 0, 46000, 0, 6, 0, '', '', ''),
(277, 182, '2019-03-28', 0, 0, 0, 0, 0, 0, '', '/img/img277.jpg', '/snd/snd277.mp3'),
(281, 182, '2019-03-28', 0, 0, 0, 0, 0, 0, '', '/img/img281.jpg', '/snd/snd281.mp3'),
(425, 182, '2019-01-14', 1, 0, 45000, 0, 0, 0, '', '', ''),
(426, 182, '2019-02-22', 2, 0, 40000, 0, 6, 0, '', '', ''),
(427, 182, '2019-03-28', 10, 0, 40000, 0, 6, 0, '', '', ''),
(512, 150, '2018-06-26', 6, 5, 1000, 8, 2, 0, 'nzuri', '', ''),
(513, 150, '2018-06-27', 2, 0, 500, 0, 2, 0, 'nzuri', '', ''),
(514, 150, '2018-08-15', 9, 0, 500, 0, 0, 0, 'safi', '', ''),
(515, 150, '2018-06-27', 7, 5, 1000, 1, 0, 11, '', '', ''),
(516, 150, '2018-07-15', 5, 1, 300, 1, 0, 11, '', '', ''),
(517, 151, '2018-06-20', 1, 0, 4000, 0, 0, 0, '', '', ''),
(518, 151, '2018-06-26', 6, 0.25, 300, 1, 7, 0, 'safi', '', ''),
(519, 151, '2018-06-27', 2, 0, 500, 0, 7, 0, '', '', ''),
(520, 151, '2018-08-15', 9, 0, 500, 0, 0, 0, '', '', ''),
(521, 151, '2018-10-30', 4, 10, 12000, 1, 7, 0, '', '', ''),
(522, 151, '2018-06-20', 1, 0, 4000, 0, 0, 0, '', '', ''),
(523, 151, '2018-06-26', 6, 2, 1000, 8, 2, 0, '', '', ''),
(524, 151, '2018-06-27', 2, 0, 500, 0, 2, 0, '', '', ''),
(525, 151, '2018-08-15', 9, 0, 500, 0, 0, 0, '', '', ''),
(526, 152, '2018-06-20', 1, 0, 4000, 0, 0, 0, '', '', ''),
(527, 152, '2018-06-28', 6, 0.25, 300, 1, 7, 0, '', '', ''),
(528, 152, '2018-06-27', 2, 0, 500, 0, 7, 0, '', '', ''),
(529, 152, '2018-08-28', 9, 0, 500, 0, 0, 0, '', '', ''),
(530, 152, '2018-06-27', 5, 5, 1000, 1, 0, 11, '', '', ''),
(531, 152, '2018-07-20', 5, 1, 500, 1, 0, 3, '', '', ''),
(532, 152, '2018-06-20', 1, 0, 4000, 0, 0, 0, '', '', ''),
(533, 152, '2018-06-26', 6, 2, 1000, 8, 2, 0, '', '', ''),
(534, 152, '2018-06-27', 2, 0, 500, 0, 2, 0, '', '', ''),
(535, 152, '2018-08-15', 9, 0, 500, 0, 0, 0, '', '', ''),
(536, 152, '2018-06-27', 5, 2, 500, 6, 0, 10, '', '', ''),
(537, 153, '2018-06-20', 1, 0, 4000, 0, 0, 0, '', '', ''),
(538, 153, '2018-06-26', 6, 2, 1000, 8, 2, 0, '', '', ''),
(539, 153, '2018-06-27', 2, 0, 500, 0, 2, 0, '', '', ''),
(540, 153, '2018-08-15', 9, 0, 500, 0, 0, 0, '', '', ''),
(541, 153, '2018-08-26', 6, 0.25, 300, 1, 7, 0, '', '', ''),
(542, 153, '2018-06-27', 2, 0, 500, 0, 7, 0, '', '', ''),
(543, 153, '2018-08-15', 9, 0, 500, 0, 0, 0, '', '', ''),
(682, -104, '2019-02-02', 0, 0, 0, 0, 0, 0, '', '/img/img682.jpg', '/snd/snd682.mp3'),
(683, -104, '2019-02-02', 0, 0, 0, 0, 0, 0, '', '/img/img683.jpg', '/snd/snd683.mp3'),
(720, 267, '2019-03-12', 0, 0, 0, 0, 0, 0, '', '/img/img720.jpg', '/snd/snd720.mp3'),
(721, -107, '2019-01-24', 1, 0, 60000, 0, 0, 0, 'bei+kubwa', '', ''),
(722, -107, '2019-03-26', 9, 0, 40000, 0, 0, 0, 'bei+nzuri', '', ''),
(723, 272, '2019-03-30', 6, 2, 8000, 1, 4, 0, 'bei+ya+kawaida', '', ''),
(724, 272, '2019-02-24', 1, 0, 60000, 0, 0, 0, 'bei+kubwa', '', ''),
(725, 272, '2019-02-24', 2, 0, 6000, 0, 4, 0, 'bei+nzuri', '', ''),
(726, 272, '2019-03-28', 9, 0, 40000, 0, 0, 0, 'bei+nzuri', '', ''),
(740, -30, '2019-02-01', 1, 0, 105000, 0, 0, 0, 'nimelima+kwa+tekta', '', ''),
(741, 79, '2019-01-06', 6, 39, 40000, 1, 8, 0, 'kajirambe+Ng+hi+in+MN+my+guy+n+juu+in', '', ''),
(742, 79, '2019-04-15', 0, 0, 0, 0, 0, 0, '', '/img/img742.jpg', '/snd/snd742.mp3'),
(756, 269, '2019-03-23', 0, 0, 0, 0, 0, 0, '', '/img/img756.jpg', '/snd/snd756.mp3'),
(794, 266, '2019-02-14', 0, 0, 0, 0, 0, 0, '', '/img/img794.jpg', '/snd/snd794.mp3'),
(795, 267, '2019-03-07', 0, 0, 0, 0, 0, 0, '', '/img/img795.jpg', '/snd/snd795.mp3'),
(809, 267, '2019-03-12', 0, 0, 0, 0, 0, 0, '', '/img/img809.jpg', '/snd/snd809.mp3'),
(833, 266, '2019-02-22', 6, 10, 1000, 8, 2, 0, 'bei+nzuri', '', ''),
(834, 266, '2019-02-21', 2, 0, 3000, 0, 2, 0, 'bei+nzuri', '', ''),
(835, 266, '2019-02-22', 9, 0, 3500, 0, 0, 0, 'bei+nzuri', '', ''),
(836, 266, '2019-03-03', 9, 0, 3000, 0, 0, 0, 'bei+nafuu+', '', ''),
(837, 266, '2019-01-25', 7, 3, 6000, 2, 0, 11, 'bei+nzuri', '', ''),
(844, 267, '2019-03-07', 0, 0, 0, 0, 0, 0, '', '/img/img844.jpg', '/snd/snd844.mp3'),
(845, 267, '2019-03-12', 0, 0, 0, 0, 0, 0, '', '/img/img845.jpg', '/snd/snd845.mp3'),
(846, 267, '2019-03-12', 0, 0, 0, 0, 0, 0, '', '/img/img846.jpg', '/snd/snd846.mp3'),
(853, 280, '2019-04-12', 0, 0, 0, 0, 0, 0, '', '/img/img853.jpg', '/snd/snd853.mp3'),
(854, 281, '2019-04-12', 0, 0, 0, 0, 0, 0, '', '/img/img854.jpg', '/snd/snd854.mp3'),
(855, 285, '2019-04-12', 0, 0, 0, 0, 0, 0, '', '/img/img855.jpg', '/snd/snd855.mp3'),
(856, 282, '2019-04-17', 0, 0, 0, 0, 0, 0, '', '/img/img856.jpg', '/snd/snd856.mp3'),
(857, 283, '2019-04-17', 0, 0, 0, 0, 0, 0, '', '/img/img857.jpg', '/snd/snd857.mp3'),
(858, 284, '2019-04-17', 0, 0, 0, 0, 0, 0, '', '/img/img858.jpg', '/snd/snd858.mp3'),
(925, -115, '2019-04-23', 0, 0, 0, 0, 0, 0, '', '/img/img925.jpg', '/snd/snd925.mp3'),
(927, 290, '2019-02-01', 1, 0, 5000, 0, 0, 0, '', '', ''),
(928, 290, '2019-01-31', 6, 3, 6000, 1, 4, 0, '', '', ''),
(929, 290, '2019-01-31', 6, 2, 4000, 1, 7, 0, '', '', ''),
(930, 290, '2019-02-23', 2, 0, 20000, 0, 4, 0, '', '', ''),
(931, 290, '2019-02-04', 2, 0, 10000, 0, 7, 0, '', '', ''),
(932, 290, '2019-04-23', 4, 30, 2000, 1, 4, 0, '', '', ''),
(933, 290, '2019-04-23', 8, 25, 100000, 1, 4, 0, '', '', ''),
(938, 290, '2019-04-23', 0, 0, 0, 0, 0, 0, '', '/img/img938.jpg', '/snd/snd938.mp3'),
(940, 302, '2019-03-23', 6, 1, 20002, 6, 40, 0, '', '', ''),
(941, 302, '2019-04-23', 11, 0, 2000, 0, 40, 0, '', '', ''),
(942, 302, '2019-04-23', 0, 0, 0, 0, 0, 0, '', '/img/img942.jpg', '/snd/snd942.mp3'),
(944, 313, '2019-02-04', 6, 3, 9000, 1, 1, 0, '', '', ''),
(948, 311, '2019-04-23', 0, 0, 0, 0, 0, 0, '', '/img/img948.jpg', '/snd/snd948.mp3'),
(949, 311, '2019-04-23', 0, 0, 0, 0, 0, 0, '', '/img/img949.jpg', '/snd/snd949.mp3'),
(956, 311, '2019-04-18', 6, 3, 6000, 1, 3, 0, '', '', ''),
(957, 311, '2019-01-18', 6, 2, 130, 1, 3, 0, '', '', ''),
(958, 311, '2019-04-23', 6, 2, 2000, 1, 3, 0, '', '', ''),
(959, -138, '2019-04-23', 1, 0, 5000, 0, 0, 0, '', '', ''),
(960, 274, '2019-04-24', 0, 0, 0, 0, 0, 0, '', '/img/img960.jpg', '/snd/snd960.mp3'),
(964, 321, '2019-04-29', 6, 0.25, 15000, 1, 10, 0, '', '', ''),
(965, 321, '2019-04-29', 0, 0, 0, 0, 0, 0, '', '/img/img965.jpg', '/snd/snd965.mp3'),
(966, -124, '2019-02-28', 15, 0, 2500, 0, 0, 0, '', '', ''),
(967, 303, '2019-04-30', 0, 0, 0, 0, 0, 0, '', '/img/img967.jpg', '/snd/snd967.mp3'),
(1042, -91, '2019-02-23', 1, 0, 5000, 0, 0, 0, '', '', ''),
(1043, -91, '2019-03-08', 7, 20, 2000, 1, 0, 11, '', '', ''),
(1044, -91, '2019-05-03', 6, 2.5, 2500, 1, 8, 0, '', '', ''),
(1045, -91, '2019-03-08', 2, 0, 3000, 0, 8, 0, '', '', ''),
(1046, -91, '2019-04-15', 9, 0, 4500, 0, 0, 0, '', '', ''),
(1047, -91, '2019-02-23', 1, 0, 5000, 0, 0, 0, '', '', ''),
(1048, -91, '2019-03-08', 2, 0, 3000, 0, 8, 0, '', '', ''),
(1049, -91, '2019-04-15', 9, 0, 4500, 0, 0, 0, '', '', ''),
(1050, -91, '2019-03-08', 6, 2.5, 2500, 1, 8, 0, 'Mbawa+mbili+', '', ''),
(1065, 340, '2019-05-03', 0, 0, 0, 0, 0, 0, '', '/img/img1065.jpg', '/snd/snd1065.mp3'),
(1162, 346, '2019-03-20', 1, 0, 10000, 0, 0, 0, '', '', ''),
(1163, 346, '2019-04-01', 6, 0.2, 500, 1, 1, 0, '', '', ''),
(1164, 346, '2019-04-01', 2, 0, 2000, 0, 1, 0, '', '', ''),
(1165, 346, '2019-04-15', 9, 0, 2500, 0, 0, 0, '', '', ''),
(1166, 346, '2019-05-05', 0, 0, 0, 0, 0, 0, '', '/img/img1166.jpg', '/snd/snd1166.mp3'),
(1171, -147, '2019-05-01', 0, 0, 0, 0, 0, 0, '', '/img/img1171.jpg', '/snd/snd1171.mp3'),
(1240, 347, '2019-05-01', 0, 0, 0, 0, 0, 0, '', '/img/img1240.jpg', '/snd/snd1240.mp3'),
(1346, 351, '2019-05-07', 0, 0, 0, 0, 0, 0, '', '/img/img1346.jpg', '/snd/snd1346.mp3'),
(1347, 352, '2019-05-07', 0, 0, 0, 0, 0, 0, '', '/img/img1347.jpg', '/snd/snd1347.mp3'),
(1458, 348, '2019-04-20', 6, 0.25, 2500, 1, 10, 0, 'bei+mzuri', '', ''),
(1459, 348, '2019-04-12', 1, 0, 5000, 0, 0, 0, 'bei+ya+kawaida.', '', ''),
(1460, 348, '2019-04-25', 2, 0, 3500, 0, 10, 0, 'bei+mzuri.', '', ''),
(1461, 348, '2019-05-07', 9, 0, 10000, 0, 0, 0, 'bei+ya+kawaida.', '', ''),
(1462, 323, '2019-04-30', 6, 0.25, 1000, 1, 1, 0, 'bei+mzuri', '', ''),
(1552, 372, '2019-04-29', 0, 0, 0, 0, 0, 0, '', '/img/img1552.jpg', '/snd/snd1552.mp3'),
(1553, 374, '2019-05-07', 0, 0, 0, 0, 0, 0, '', '/img/img1553.jpg', '/snd/snd1553.mp3'),
(1554, 374, '2019-05-07', 0, 0, 0, 0, 0, 0, '', '/img/img1554.jpg', '/snd/snd1554.mp3'),
(1600, 371, '2019-04-22', 6, 3200, 10000, 8, 33, 0, 'bei+sio+mbaya.', '', ''),
(1601, 371, '2019-04-22', 2, 0, 2000, 0, 33, 0, 'sio+mbaya.', '', ''),
(1602, 371, '2019-05-01', 1, 0, 40000, 0, 0, 0, 'bei+ya+kawaida.', '', ''),
(1621, 344, '2019-05-18', 0, 0, 0, 0, 0, 0, '', '/img/img1621.jpg', '/snd/snd1621.mp3'),
(1622, 343, '2019-05-18', 0, 0, 0, 0, 0, 0, '', '/img/img1622.jpg', '/snd/snd1622.mp3'),
(1623, 341, '2019-05-18', 0, 0, 0, 0, 0, 0, '', '/img/img1623.jpg', '/snd/snd1623.mp3'),
(1696, 342, '2019-05-18', 0, 0, 0, 0, 0, 0, '', '/img/img1696.jpg', '/snd/snd1696.mp3'),
(1710, 174, '2019-05-10', 0, 0, 0, 0, 0, 0, '', '/img/img1710.jpg', '/snd/snd1710.mp3'),
(1711, 174, '2019-05-10', 0, 0, 0, 0, 0, 0, '', '/img/img1711.jpg', '/snd/snd1711.mp3'),
(1712, 175, '2019-05-10', 0, 0, 0, 0, 0, 0, '', '/img/img1712.jpg', '/snd/snd1712.mp3'),
(1713, 176, '2019-05-10', 0, 0, 0, 0, 0, 0, '', '/img/img1713.jpg', '/snd/snd1713.mp3'),
(1714, 177, '2018-01-01', 0, 0, 0, 0, 0, 0, '', '/img/img1714.jpg', '/snd/snd1714.mp3'),
(1715, 177, '2018-01-01', 0, 0, 0, 0, 0, 0, '', '/img/img1715.jpg', '/snd/snd1715.mp3'),
(1716, 173, '2018-01-01', 0, 0, 0, 0, 0, 0, '', '/img/img1716.jpg', '/snd/snd1716.mp3'),
(1717, 173, '2018-01-01', 0, 0, 0, 0, 0, 0, '', '/img/img1717.jpg', '/snd/snd1717.mp3'),
(1718, 173, '2018-01-01', 0, 0, 0, 0, 0, 0, '', '/img/img1718.jpg', '/snd/snd1718.mp3'),
(1719, 174, '2019-05-18', 0, 0, 0, 0, 0, 0, '', '/img/img1719.jpg', '/snd/snd1719.mp3'),
(1720, 174, '2019-05-18', 0, 0, 0, 0, 0, 0, '', '/img/img1720.jpg', '/snd/snd1720.mp3'),
(1721, 177, '2019-05-18', 0, 0, 0, 0, 0, 0, '', '/img/img1721.jpg', '/snd/snd1721.mp3'),
(1722, 177, '2019-05-18', 0, 0, 0, 0, 0, 0, '', '/img/img1722.jpg', '/snd/snd1722.mp3'),
(1859, 376, '2019-05-18', 9, 0, 3000, 0, 0, 0, '', '', ''),
(1860, 376, '2018-01-01', 0, 0, 0, 0, 0, 0, '', '/img/img1860.jpg', '/snd/snd1860.mp3'),
(1861, 376, '2018-01-01', 0, 0, 0, 0, 0, 0, '', '/img/img1861.jpg', '/snd/snd1861.mp3'),
(1862, 376, '2018-01-01', 0, 0, 0, 0, 0, 0, '', '/img/img1862.jpg', '/snd/snd1862.mp3'),
(1863, 376, '2019-05-18', 0, 0, 0, 0, 0, 0, '', '/img/img1863.jpg', '/snd/snd1863.mp3'),
(1864, 376, '2019-05-18', 0, 0, 0, 0, 0, 0, '', '/img/img1864.jpg', '/snd/snd1864.mp3'),
(1871, 375, '2018-01-01', 0, 0, 0, 0, 0, 0, '', '/img/img1871.jpg', '/snd/snd1871.mp3'),
(1872, 375, '2018-01-01', 0, 0, 0, 0, 0, 0, '', '/img/img1872.jpg', '/snd/snd1872.mp3'),
(1873, 375, '2018-01-01', 0, 0, 0, 0, 0, 0, '', '/img/img1873.jpg', '/snd/snd1873.mp3'),
(1874, 375, '2018-01-01', 0, 0, 0, 0, 0, 0, '', '/img/img1874.jpg', '/snd/snd1874.mp3'),
(1875, 375, '2018-01-01', 0, 0, 0, 0, 0, 0, '', '/img/img1875.jpg', '/snd/snd1875.mp3'),
(1876, 375, '2018-01-01', 0, 0, 0, 0, 0, 0, '', '/img/img1876.jpg', '/snd/snd1876.mp3'),
(1877, 375, '2018-01-01', 0, 0, 0, 0, 0, 0, '', '/img/img1877.jpg', '/snd/snd1877.mp3'),
(1878, 375, '2018-01-01', 0, 0, 0, 0, 0, 0, '', '/img/img1878.jpg', '/snd/snd1878.mp3'),
(1879, 375, '2018-01-01', 0, 0, 0, 0, 0, 0, '', '/img/img1879.jpg', '/snd/snd1879.mp3'),
(1938, 359, '2012-01-03', 0, 0, 0, 0, 0, 0, '', '/img/img1938.jpg', '/snd/snd1938.mp3'),
(1968, 359, '2012-01-03', 0, 0, 0, 0, 0, 0, '', '/img/img1968.jpg', '/snd/snd1968.mp3'),
(1969, 359, '2012-01-02', 0, 0, 0, 0, 0, 0, '', '/img/img1969.jpg', '/snd/snd1969.mp3'),
(1985, 359, '2012-01-03', 0, 0, 0, 0, 0, 0, '', '/img/img1985.jpg', '/snd/snd1985.mp3'),
(2001, 359, '2012-01-03', 0, 0, 0, 0, 0, 0, '', '/img/img2001.jpg', '/snd/snd2001.mp3'),
(2002, 359, '2012-01-02', 0, 0, 0, 0, 0, 0, '', '/img/img2002.jpg', '/snd/snd2002.mp3'),
(2040, 240, '2019-03-12', 1, 0, 5000, 0, 0, 0, '', '', ''),
(2041, 242, '2019-02-22', 1, 0, 15000, 0, 0, 0, '', '', ''),
(2042, 243, '2019-03-22', 1, 0, 15000, 0, 0, 0, '', '', ''),
(2043, 243, '2019-04-01', 6, 1, 4000, 1, 1, 0, '', '', ''),
(2044, 243, '2019-04-19', 9, 0, 10000, 0, 0, 0, '', '', ''),
(2045, 243, '2019-04-01', 2, 0, 5000, 0, 1, 0, '', '', ''),
(2046, 243, '2019-04-01', 7, 50, 6000, 1, 0, 11, '', '', ''),
(2047, 240, '2019-03-23', 6, 0.5, 2000, 1, 8, 0, '', '', ''),
(2048, 240, '2019-03-23', 2, 0, 4000, 0, 8, 0, '', '', ''),
(2049, 240, '2019-04-28', 9, 0, 4000, 0, 0, 0, '', '', ''),
(2050, 241, '2019-03-12', 1, 0, 5000, 0, 0, 0, '', '', ''),
(2051, 241, '2019-03-23', 6, 0.5, 2000, 1, 8, 0, '', '', ''),
(2052, 241, '2019-03-28', 2, 0, 4000, 0, 8, 0, '', '', ''),
(2053, 241, '2019-04-28', 9, 0, 4000, 0, 0, 0, '', '', ''),
(2054, 241, '2019-03-28', 7, 50, 6000, 1, 0, 11, '', '', ''),
(2055, 242, '2019-05-03', 6, 1, 4000, 1, 1, 0, '', '', ''),
(2056, 242, '2019-04-01', 2, 0, 5000, 0, 1, 0, '', '', ''),
(2057, 242, '2019-04-19', 9, 0, 10000, 0, 0, 0, '', '', ''),
(2058, 209, '2019-04-25', 1, 0, 1000, 0, 0, 0, '', '', ''),
(2059, 209, '2019-04-27', 6, 0.13, 1250, 1, 10, 0, '', '', ''),
(2060, 209, '2019-04-27', 2, 0, 2000, 0, 10, 0, '', '', ''),
(2061, 210, '2019-04-25', 1, 0, 1000, 0, 0, 0, '', '', ''),
(2062, 210, '2019-04-27', 6, 125, 1250, 1, 10, 0, '', '', ''),
(2063, 252, '2018-11-10', 1, 0, 40000, 0, 0, 0, '', '', ''),
(2078, 224, '2018-12-28', 1, 0, 7500, 0, 0, 0, '', '', ''),
(2079, 224, '2019-01-04', 15, 0, 6000, 0, 0, 0, '', '', ''),
(2080, 224, '2019-01-21', 6, 0.5, 1000, 1, 8, 0, '', '', ''),
(2081, 225, '2018-12-28', 1, 0, 7500, 0, 0, 0, '', '', ''),
(2082, 225, '2019-01-04', 15, 0, 6000, 0, 0, 0, '', '', ''),
(2083, 225, '2019-01-21', 6, 0.5, 1000, 1, 8, 0, 'mbegu+bora+ya+mpunga+', '', ''),
(2084, 225, '2019-01-03', 7, 120, 6000, 1, 0, 11, 'mbolea+ya+asili+', '', ''),
(2107, 259, '2018-12-10', 1, 0, 30000, 0, 0, 0, '', '', ''),
(2108, 259, '2018-12-12', 6, 3, 6000, 1, 1, 0, '', '', ''),
(2109, 259, '2018-12-12', 2, 0, 5000, 0, 1, 0, '', '', ''),
(2110, 259, '2018-12-20', 9, 0, 30000, 0, 0, 0, '', '', ''),
(2111, 259, '2019-04-27', 4, 3, 20000, 5, 1, 0, '', '', ''),
(2112, 260, '2018-12-10', 1, 0, 30000, 0, 0, 0, '', '', ''),
(2113, 260, '2018-12-12', 7, 3, 6000, 1, 0, 11, '', '', ''),
(2114, 260, '2018-12-12', 2, 0, 5000, 0, 1, 0, '', '', ''),
(2115, 260, '2018-11-12', 6, 3, 6000, 1, 1, 0, '', '', ''),
(2116, 260, '2019-05-01', 9, 0, 30000, 0, 0, 0, '', '', ''),
(2117, 260, '2019-05-01', 4, 6, 4000, 5, 1, 0, '', '', ''),
(2118, 261, '2018-12-15', 1, 0, 15000, 0, 0, 0, '', '', ''),
(2119, 261, '2019-01-05', 6, 1, 2500, 1, 8, 0, '', '', ''),
(2120, 261, '2019-01-15', 2, 0, 5000, 0, 8, 0, '', '', ''),
(2121, 261, '2019-02-15', 9, 0, 10000, 0, 0, 0, '', '', ''),
(2122, 262, '2018-12-15', 1, 0, 15000, 0, 0, 0, '', '', ''),
(2123, 262, '2019-02-15', 7, 100, 3000, 1, 0, 11, '', '', ''),
(2124, 262, '2019-01-05', 6, 1, 2500, 1, 8, 0, '', '', ''),
(2125, 262, '2019-01-15', 2, 0, 5000, 0, 8, 0, '', '', ''),
(2126, 262, '2019-02-15', 9, 0, 10000, 0, 0, 0, '', '', ''),
(2133, 329, '2018-12-20', 1, 0, 15000, 0, 0, 0, 'bei+sio+mbaya', '', ''),
(2134, 329, '2018-12-28', 6, 0.5, 6000, 1, 1, 0, '', '', ''),
(2135, 329, '2018-12-28', 2, 0, 5000, 0, 1, 0, 'bei+sio+', '', ''),
(2136, 329, '2019-03-28', 4, 20, 2000, 1, 1, 0, '', '', ''),
(2137, 329, '2019-01-15', 9, 0, 10000, 0, 0, 0, '', '', ''),
(2138, 330, '2019-01-20', 1, 0, 15000, 0, 0, 0, 'bei+ya+kawaida', '', ''),
(2139, 330, '2019-01-27', 6, 0.5, 6000, 1, 1, 0, '', '', ''),
(2140, 330, '2019-01-27', 2, 0, 5000, 0, 1, 0, 'bei+ya+kawaida', '', ''),
(2141, 330, '2019-02-10', 9, 0, 6000, 0, 0, 0, '', '', ''),
(2214, -1, '2019-05-29', 0, 0, 0, 0, 0, 0, '', '/img/img2214.jpg', '/snd/snd2214.mp3'),
(2236, -1, '2019-05-29', 0, 0, 0, 0, 0, 0, '', '/img/img2236.jpg', '/snd/snd2236.mp3'),
(2312, 339, '2019-06-04', 0, 0, 0, 0, 0, 0, '', '/img/img2312.jpg', '/snd/snd2312.mp3'),
(2327, 338, '2019-06-04', 0, 0, 0, 0, 0, 0, '', '/img/img2327.jpg', '/snd/snd2327.mp3'),
(2368, 363, '2019-06-04', 0, 0, 0, 0, 0, 0, '', '/img/img2368.jpg', '/snd/snd2368.mp3'),
(2406, 364, '2019-06-05', 0, 0, 0, 0, 0, 0, '', '/img/img2406.jpg', '/snd/snd2406.mp3'),
(2467, 359, '2019-06-03', 0, 0, 0, 0, 0, 0, '', '/img/img2467.jpg', '/snd/snd2467.mp3'),
(2489, 340, '2019-06-08', 0, 0, 0, 0, 0, 0, '', '/img/img2489.jpg', '/snd/snd2489.mp3'),
(2496, 340, '2019-06-08', 0, 0, 0, 0, 0, 0, '', '/img/img2496.jpg', '/snd/snd2496.mp3'),
(2497, 340, '2019-06-08', 0, 0, 0, 0, 0, 0, '', '/img/img2497.jpg', '/snd/snd2497.mp3'),
(2498, 340, '2019-06-08', 0, 0, 0, 0, 0, 0, '', '/img/img2498.jpg', '/snd/snd2498.mp3'),
(2524, 388, '2019-03-28', 6, 2, 12, 1, 4, 0, 'bei+kubwa', '', ''),
(2525, 388, '2019-05-28', 15, 0, 30, 0, 0, 0, 'garama+kubwa', '', ''),
(2526, 388, '2019-05-28', 15, 0, 30000, 0, 0, 0, 'hakuna', '', ''),
(2549, -1, '2019-06-10', 0, 0, 0, 0, 0, 0, '', '/img/img2549.jpg', '/snd/snd2549.mp3'),
(2635, 271, '2019-06-07', 0, 0, 0, 0, 0, 0, '', '/img/img2635.jpg', '/snd/snd2635.mp3'),
(2687, 270, '2019-06-07', 0, 0, 0, 0, 0, 0, '', '/img/img2687.jpg', '/snd/snd2687.mp3'),
(2788, -1, '2019-06-13', 0, 0, 0, 0, 0, 0, '', '/img/img2788.jpg', '/snd/snd2788.mp3'),
(2810, 344, '2019-06-14', 0, 0, 0, 0, 0, 0, '', '/img/img2810.jpg', '/snd/snd2810.mp3'),
(2829, 344, '2019-06-14', 0, 0, 0, 0, 0, 0, '', '/img/img2829.jpg', '/snd/snd2829.mp3'),
(2848, 344, '2019-06-14', 0, 0, 0, 0, 0, 0, '', '/img/img2848.jpg', '/snd/snd2848.mp3'),
(3068, 347, '2019-01-19', 1, 0, 19000, 0, 0, 0, '', '', ''),
(3069, 347, '2019-03-17', 6, 0.5, 1500, 1, 3, 0, '', '', ''),
(3070, 347, '2019-03-17', 2, 0, 1500, 0, 3, 0, '', '', ''),
(3071, 347, '2019-04-24', 9, 0, 3000, 0, 0, 0, '', '', ''),
(3072, 347, '2019-06-09', 4, 10, 2000, 1, 3, 0, '', '', ''),
(3073, 347, '2019-06-10', 14, 0, 500, 0, 0, 0, '', '', ''),
(3074, 347, '2019-06-18', 4, 8, 0, 1, 3, 0, '', '', ''),
(3075, 347, '2019-06-18', 4, 4, 0, 1, 3, 0, '', '', ''),
(3076, 347, '2019-06-18', 4, 4, 0, 1, 3, 0, 'hiki+ni+kitalu+ambacho+sijatumia+dawa', '', ''),
(3114, 344, '2019-06-20', 0, 0, 0, 0, 0, 0, '', '/img/img3114.jpg', '/snd/snd3114.mp3'),
(3174, -1, '2019-05-22', 0, 0, 0, 0, 0, 0, '', '/img/img3174.jpg', '/snd/snd3174.mp3'),
(3262, -1, '2019-05-22', 0, 0, 0, 0, 0, 0, '', '/img/img3262.jpg', '/snd/snd3262.mp3'),
(3263, -1, '2019-05-22', 0, 0, 0, 0, 0, 0, '', '/img/img3263.jpg', '/snd/snd3263.mp3'),
(3264, -1, '2019-05-28', 0, 0, 0, 0, 0, 0, '', '/img/img3264.jpg', '/snd/snd3264.mp3'),
(3265, -1, '2019-06-07', 0, 0, 0, 0, 0, 0, '', '/img/img3265.jpg', '/snd/snd3265.mp3'),
(3266, -1, '2019-06-07', 0, 0, 0, 0, 0, 0, '', '/img/img3266.jpg', '/snd/snd3266.mp3'),
(3267, -1, '2019-06-07', 0, 0, 0, 0, 0, 0, '', '/img/img3267.jpg', '/snd/snd3267.mp3'),
(3275, -1, '2019-06-22', 0, 0, 0, 0, 0, 0, '', '/img/img3275.jpg', '/snd/snd3275.mp3'),
(3283, 333, '2019-02-23', 1, 0, 5000, 0, 0, 0, '', '', ''),
(3284, 333, '2019-02-23', 1, 0, 5000, 0, 0, 0, '', '', ''),
(3285, 333, '2019-03-08', 6, 2.5, 2500, 1, 8, 0, '', '', ''),
(3286, 333, '2019-03-08', 6, 2.5, 2500, 1, 8, 0, '', '', ''),
(3287, 333, '2019-03-08', 2, 0, 3000, 0, 8, 0, '', '', ''),
(3288, 333, '2019-03-08', 2, 0, 3000, 0, 8, 0, '', '', ''),
(3289, 333, '2019-04-15', 9, 0, 4500, 0, 0, 0, '', '', ''),
(3290, 333, '2019-04-15', 9, 0, 4500, 0, 0, 0, '', '', ''),
(3291, 334, '2019-02-23', 1, 0, 5000, 0, 0, 0, '', '', ''),
(3292, 334, '2019-02-23', 1, 0, 5000, 0, 0, 0, '', '', ''),
(3293, 334, '2019-04-08', 6, 2.5, 2500, 1, 8, 0, 'mbawa+mbili', '', ''),
(3294, 334, '2019-04-08', 6, 2.5, 2500, 1, 8, 0, 'mbawa+mbili', '', ''),
(3295, 334, '2019-03-08', 2, 0, 3000, 0, 8, 0, '', '', ''),
(3296, 334, '2019-03-08', 2, 0, 3000, 0, 8, 0, '', '', ''),
(3297, 334, '2019-04-15', 9, 0, 4500, 0, 0, 0, '', '', ''),
(3298, 334, '2019-04-15', 9, 0, 4500, 0, 0, 0, '', '', ''),
(3299, 333, '2019-03-28', 7, 20, 2000, 1, 0, 11, '', '', ''),
(3300, 333, '2019-03-28', 7, 20, 2000, 1, 0, 11, '', '', ''),
(3388, -1, '2019-05-29', 0, 0, 0, 0, 0, 0, '', '/img/img3388.jpg', '/snd/snd3388.mp3'),
(3389, -1, '2019-05-29', 0, 0, 0, 0, 0, 0, '', '/img/img3389.jpg', '/snd/snd3389.mp3'),
(3390, -1, '2019-05-29', 0, 0, 0, 0, 0, 0, '', '/img/img3390.jpg', '/snd/snd3390.mp3'),
(3409, 335, '2019-01-04', 1, 0, 165000, 0, 0, 0, 'kulima+na+kusawazisha', '', ''),
(3410, 335, '2019-01-17', 6, 40, 40000, 1, 8, 0, '', '', ''),
(3411, 335, '2019-01-17', 2, 0, 70000, 0, 8, 0, 'nimetumia+vibarua', '', ''),
(3412, 335, '2019-02-28', 9, 0, 220000, 0, 0, 0, 'ghari', '', ''),
(3413, 335, '2019-06-19', 4, 1200, 1000000, 1, 8, 0, '', '', ''),
(3414, -147, '2019-05-01', 0, 0, 0, 0, 0, 0, '', '/img/img3414.jpg', '/snd/snd3414.mp3'),
(3415, 325, '2018-12-20', 1, 0, 15000, 0, 0, 0, 'bei+sio+mbaya', '', ''),
(3416, 325, '2018-12-27', 6, 0.5, 6000, 1, 1, 0, 'bei+sio+mbaya', '', ''),
(3417, 325, '2018-12-29', 2, 0, 5000, 0, 1, 0, '', '', ''),
(3418, 325, '2019-01-15', 9, 0, 10000, 0, 0, 0, '', '', ''),
(3419, 325, '2019-03-28', 4, 20, 2000, 1, 1, 0, '', '', ''),
(3420, 326, '2019-01-20', 1, 0, 15000, 0, 0, 0, 'bei+ya+kawaida', '', ''),
(3421, 326, '2019-01-27', 6, 0.5, 6000, 1, 1, 0, 'bei+ya+kawaida', '', ''),
(3422, 326, '2019-01-30', 2, 0, 5000, 0, 1, 0, '', '', ''),
(3423, 326, '2019-02-10', 9, 0, 6000, 0, 0, 0, '', '', ''),
(3424, 327, '2019-02-01', 1, 0, 10000, 0, 0, 0, 'bei+ya+kawida.', '', ''),
(3425, 327, '2019-02-07', 2, 0, 2000, 0, 8, 0, 'gharama+ya+kawaida', '', ''),
(3426, 327, '2019-02-12', 6, 1.5, 4500, 1, 8, 0, 'bei+ya+kawaida', '', ''),
(3427, 327, '2019-02-20', 9, 0, 5000, 0, 0, 0, 'bei+ya+kawaida', '', ''),
(3428, 328, '2019-02-07', 6, 0.5, 3000, 1, 8, 0, 'bei+ya+kawaida', '', ''),
(3429, 328, '2019-02-09', 2, 0, 5000, 0, 8, 0, 'bei+ya+kawaida', '', ''),
(3430, 328, '2019-02-21', 9, 0, 3500, 0, 0, 0, 'bei+ya+kawaida', '', ''),
(3431, 328, '2019-02-25', 7, 25, 2500, 7, 0, 18, 'bei+ya+kawaida.', '', ''),
(3432, 326, '2019-05-29', 4, 36, 2000, 1, 1, 0, '', '', ''),
(3433, 327, '2019-05-29', 4, 15, 2500, 1, 8, 0, 'siyo+mbaya', '', ''),
(3434, 328, '2019-05-29', 4, 30, 1500, 1, 8, 0, 'si+mbaya.', '', ''),
(3439, -1, '2019-07-03', 0, 0, 0, 0, 0, 0, '', '/img/img3439.jpg', '/snd/snd3439.mp3'),
(3445, -1, '2019-06-08', 0, 0, 0, 0, 0, 0, '', '/img/img3445.jpg', '/snd/snd3445.mp3'),
(3458, -1, '2019-05-28', 0, 0, 0, 0, 0, 0, '', '/img/img3458.jpg', '/snd/snd3458.mp3'),
(3482, 270, '2019-03-23', 0, 0, 0, 0, 0, 0, '', '/img/img3482.jpg', '/snd/snd3482.mp3'),
(3483, 271, '2019-03-23', 0, 0, 0, 0, 0, 0, '', '/img/img3483.jpg', '/snd/snd3483.mp3'),
(3484, 269, '2019-04-30', 0, 0, 0, 0, 0, 0, '', '/img/img3484.jpg', '/snd/snd3484.mp3'),
(3485, 269, '2019-04-30', 0, 0, 0, 0, 0, 0, '', '/img/img3485.jpg', '/snd/snd3485.mp3'),
(3486, 269, '2019-05-21', 0, 0, 0, 0, 0, 0, '', '/img/img3486.jpg', '/snd/snd3486.mp3'),
(3487, 269, '2019-05-21', 0, 0, 0, 0, 0, 0, '', '/img/img3487.jpg', '/snd/snd3487.mp3'),
(3488, 269, '2019-05-22', 0, 0, 0, 0, 0, 0, '', '/img/img3488.jpg', '/snd/snd3488.mp3'),
(3489, 269, '2019-05-22', 0, 0, 0, 0, 0, 0, '', '/img/img3489.jpg', '/snd/snd3489.mp3'),
(3490, 269, '2019-05-28', 0, 0, 0, 0, 0, 0, '', '/img/img3490.jpg', '/snd/snd3490.mp3'),
(3491, 269, '2019-05-28', 0, 0, 0, 0, 0, 0, '', '/img/img3491.jpg', '/snd/snd3491.mp3'),
(3492, 269, '2019-05-31', 0, 0, 0, 0, 0, 0, '', '/img/img3492.jpg', '/snd/snd3492.mp3'),
(3493, 270, '2019-06-19', 0, 0, 0, 0, 0, 0, '', '/img/img3493.jpg', '/snd/snd3493.mp3'),
(3494, 270, '2019-06-25', 0, 0, 0, 0, 0, 0, '', '/img/img3494.jpg', '/snd/snd3494.mp3'),
(3495, 271, '2019-07-06', 0, 0, 0, 0, 0, 0, '', '/img/img3495.jpg', '/snd/snd3495.mp3'),
(3496, 271, '2019-07-06', 0, 0, 0, 0, 0, 0, '', '/img/img3496.jpg', '/snd/snd3496.mp3'),
(3504, 269, '2019-05-21', 0, 0, 0, 0, 0, 0, '', '/img/img3504.jpg', '/snd/snd3504.mp3'),
(3505, 269, '2019-05-21', 0, 0, 0, 0, 0, 0, '', '/img/img3505.jpg', '/snd/snd3505.mp3'),
(3506, 269, '2019-05-21', 0, 0, 0, 0, 0, 0, '', '/img/img3506.jpg', '/snd/snd3506.mp3'),
(3507, 269, '2019-05-22', 0, 0, 0, 0, 0, 0, '', '/img/img3507.jpg', '/snd/snd3507.mp3'),
(3508, 269, '2019-05-31', 0, 0, 0, 0, 0, 0, '', '/img/img3508.jpg', '/snd/snd3508.mp3'),
(3509, 269, '2019-05-31', 0, 0, 0, 0, 0, 0, '', '/img/img3509.jpg', '/snd/snd3509.mp3'),
(3510, 271, '2019-06-07', 0, 0, 0, 0, 0, 0, '', '/img/img3510.jpg', '/snd/snd3510.mp3'),
(3511, 269, '2019-06-07', 0, 0, 0, 0, 0, 0, '', '/img/img3511.jpg', '/snd/snd3511.mp3'),
(3515, -1, '2019-03-13', 0, 0, 0, 0, 0, 0, '', '/img/img3515.jpg', '/snd/snd3515.mp3'),
(3516, -1, '2019-07-04', 0, 0, 0, 0, 0, 0, '', '/img/img3516.jpg', '/snd/snd3516.mp3'),
(3722, -1, '2019-07-08', 0, 0, 0, 0, 0, 0, '', '/img/img3722.jpg', '/snd/snd3722.mp3'),
(3738, -206, '2019-07-10', 0, 0, 0, 0, 0, 0, '', '/img/img3738.jpg', '/snd/snd3738.mp3'),
(3739, -206, '2019-07-10', 0, 0, 0, 0, 0, 0, '', '/img/img3738.jpg', '/snd/snd3738.mp3'),
(3740, -206, '2019-07-10', 0, 0, 0, 0, 0, 0, '', '/img/img3738.jpg', '/snd/snd3738.mp3'),
(3780, -224, '2019-07-11', 0, 0, 0, 0, 0, 0, '', '/img/img3780.jpg', '/snd/snd3780.mp3'),
(3796, 420, '2019-07-10', 0, 0, 0, 0, 0, 0, '', '/img/img3796.jpg', '/snd/snd3796.mp3'),
(3799, 419, '2019-07-10', 0, 0, 0, 0, 0, 0, '', '/img/img3799.jpg', '/snd/snd3799.mp3'),
(3800, 432, '2019-07-11', 0, 0, 0, 0, 0, 0, '', '/img/img3800.jpg', '/snd/snd3800.mp3'),
(3812, 431, '2019-07-11', 0, 0, 0, 0, 0, 0, '', '/img/img3812.jpg', '/snd/snd3812.mp3'),
(3813, 471, '2019-07-10', 0, 0, 0, 0, 0, 0, '', '/img/img3813.jpg', '/snd/snd3813.mp3'),
(3814, 472, '2019-07-10', 0, 0, 0, 0, 0, 0, '', '/img/img3814.jpg', '/snd/snd3814.mp3'),
(3815, 474, '2019-07-10', 0, 0, 0, 0, 0, 0, '', '/img/img3815.jpg', '/snd/snd3815.mp3'),
(3816, 465, '2019-07-10', 0, 0, 0, 0, 0, 0, '', '/img/img3816.jpg', '/snd/snd3816.mp3'),
(3817, 473, '2019-07-10', 0, 0, 0, 0, 0, 0, '', '/img/img3817.jpg', '/snd/snd3817.mp3'),
(3818, 466, '2019-07-10', 0, 0, 0, 0, 0, 0, '', '/img/img3818.jpg', '/snd/snd3818.mp3'),
(3819, -235, '2019-07-11', 0, 0, 0, 0, 0, 0, '', '/img/img3819.jpg', '/snd/snd3819.mp3'),
(3820, -231, '2019-07-11', 0, 0, 0, 0, 0, 0, '', '/img/img3820.jpg', '/snd/snd3820.mp3'),
(3821, 476, '2019-07-11', 0, 0, 0, 0, 0, 0, '', '/img/img3821.jpg', '/snd/snd3821.mp3'),
(3822, -231, '2019-07-11', 0, 0, 0, 0, 0, 0, '', '/img/img3822.jpg', '/snd/snd3822.mp3'),
(3823, 469, '2019-07-11', 0, 0, 0, 0, 0, 0, '', '/img/img3823.jpg', '/snd/snd3823.mp3'),
(3845, 471, '2019-02-10', 1, 0, 10000, 0, 0, 0, '', '', ''),
(3846, 471, '2019-03-10', 6, 0.13, 3000, 1, 23, 0, '', '', ''),
(3847, 472, '2019-02-10', 1, 0, 10000, 0, 0, 0, '', '', ''),
(3848, 474, '2019-02-10', 1, 0, 10000, 0, 0, 0, '', '', ''),
(3849, 474, '2019-03-10', 6, 0.13, 3000, 1, 23, 0, '', '', ''),
(3850, 473, '2019-03-10', 6, 0.13, 3000, 1, 23, 0, '', '', ''),
(3851, 473, '2019-02-10', 1, 0, 10000, 0, 0, 0, '', '', ''),
(3852, -235, '2019-02-11', 1, 0, 10000, 0, 0, 0, '', '', ''),
(3853, 476, '2019-02-11', 1, 0, 10000, 0, 0, 0, '', '', ''),
(3854, 476, '2019-03-11', 6, 0.13, 3000, 1, 10, 0, '', '', ''),
(3855, 476, '2019-04-11', 9, 0, 5000, 0, 0, 0, '', '', ''),
(3994, 375, '2019-05-28', 0, 0, 0, 0, 0, 0, '', '/img/img3994.jpg', '/snd/snd3994.mp3'),
(3995, 375, '2019-05-28', 0, 0, 0, 0, 0, 0, '', '/img/img3995.jpg', '/snd/snd3995.mp3'),
(3996, 375, '2019-05-28', 0, 0, 0, 0, 0, 0, '', '/img/img3996.jpg', '/snd/snd3996.mp3'),
(3997, 375, '2019-06-25', 0, 0, 0, 0, 0, 0, '', '/img/img3997.jpg', '/snd/snd3997.mp3'),
(3998, 375, '2019-06-25', 0, 0, 0, 0, 0, 0, '', '/img/img3998.jpg', '/snd/snd3998.mp3'),
(3999, 375, '2019-06-27', 0, 0, 0, 0, 0, 0, '', '/img/img3999.jpg', '/snd/snd3999.mp3'),
(4000, 375, '2019-07-02', 0, 0, 0, 0, 0, 0, '', '/img/img4000.jpg', '/snd/snd4000.mp3'),
(4010, -189, '2019-06-11', 9, 0, 5000, 0, 0, 0, '', '', ''),
(4011, 397, '2019-06-11', 6, 5, 2000, 2, 1, 0, '', '', ''),
(4012, 397, '2019-06-11', 2, 0, 2000, 0, 1, 0, '', '', ''),
(4013, 398, '2019-06-11', 6, 2, 2000, 2, 1, 0, '', '', ''),
(4014, 398, '2019-06-11', 7, 2, 2000, 1, 0, 3, '', '', ''),
(4015, 398, '2019-06-11', 2, 0, 1500, 0, 1, 0, '', '', ''),
(4016, 397, '2019-06-11', 4, 5, 1000, 1, 1, 0, '', '', ''),
(4017, 397, '2019-06-11', 8, 5, 20000, 1, 1, 0, '', '', ''),
(4018, 398, '2019-06-21', 4, 10, 10000, 1, 1, 0, '', '', ''),
(4106, 269, '2019-06-17', 0, 0, 0, 0, 0, 0, '', '/img/img4106.jpg', '/snd/snd4106.mp3'),
(4107, 270, '2019-06-19', 0, 0, 0, 0, 0, 0, '', '/img/img4107.jpg', '/snd/snd4107.mp3'),
(4114, 271, '2019-06-19', 0, 0, 0, 0, 0, 0, '', '/img/img4114.jpg', '/snd/snd4114.mp3'),
(4115, 271, '2019-06-19', 0, 0, 0, 0, 0, 0, '', '/img/img4115.jpg', '/snd/snd4115.mp3'),
(4121, 271, '2019-07-24', 0, 0, 0, 0, 0, 0, '', '/img/img4121.jpg', '/snd/snd4121.mp3'),
(4127, 271, '2019-07-24', 0, 0, 0, 0, 0, 0, '', '/img/img4127.jpg', '/snd/snd4127.mp3'),
(4139, 271, '2019-07-24', 0, 0, 0, 0, 0, 0, '', '/img/img4139.jpg', '/snd/snd4139.mp3'),
(4145, 269, '2019-07-26', 0, 0, 0, 0, 0, 0, '', '/img/img4145.jpg', '/snd/snd4145.mp3'),
(4146, 269, '2019-07-26', 0, 0, 0, 0, 0, 0, '', '/img/img4146.jpg', '/snd/snd4146.mp3'),
(4147, 269, '2019-07-26', 0, 0, 0, 0, 0, 0, '', '/img/img4147.jpg', '/snd/snd4147.mp3'),
(4153, 269, '2019-07-26', 0, 0, 0, 0, 0, 0, '', '/img/img4153.jpg', '/snd/snd4153.mp3'),
(4280, -1, '2019-07-16', 0, 0, 0, 0, 0, 0, '', '/img/img4280.jpg', '/snd/snd4280.mp3'),
(4542, -206, '2019-04-10', 1, 0, 10000, 0, 0, 0, '', '', ''),
(4543, 425, '2019-05-10', 6, 0.4, 2000, 1, 10, 0, '', '', ''),
(4544, 427, '2019-07-10', 6, 0.4, 2000, 1, 10, 0, '', '', ''),
(4545, 427, '2019-05-10', 9, 0, 2000, 0, 0, 0, '', '', ''),
(4546, 428, '2019-05-10', 7, 0.4, 2000, 1, 0, 3, '', '', ''),
(4547, 428, '2019-05-10', 6, 0.4, 2000, 1, 10, 0, '', '', ''),
(4548, 428, '2019-06-10', 9, 0, 2000, 0, 0, 0, '', '', ''),
(4549, 425, '2019-05-10', 11, 0, 2000, 0, 10, 0, '', '', ''),
(4550, 425, '2019-05-10', 11, 0, 2000, 0, 10, 0, '', '', ''),
(4551, 425, '2019-07-30', 0, 0, 0, 0, 0, 0, '', '/img/img4551.jpg', '/snd/snd4551.mp3'),
(4614, -231, '2012-01-02', 0, 0, 0, 0, 0, 0, '', '/img/img4614.jpg', '/snd/snd4614.mp3'),
(4627, 491, '2019-07-30', 0, 0, 0, 0, 0, 0, '', '/img/img4627.jpg', '/snd/snd4627.mp3'),
(4635, 339, '2019-07-30', 0, 0, 0, 0, 0, 0, '', '/img/img4635.jpg', '/snd/snd4635.mp3'),
(4636, 339, '2019-07-30', 0, 0, 0, 0, 0, 0, '', '/img/img4636.jpg', '/snd/snd4636.mp3'),
(4637, 491, '2019-02-10', 6, 30, 3000, 8, 2, 0, 'bei+nzuri', '', ''),
(4638, 491, '2019-02-10', 2, 0, 5000, 0, 2, 0, 'bei+nzuri', '', ''),
(4639, 491, '2019-04-10', 9, 0, 2000, 0, 0, 0, 'bei+nzuri', '', ''),
(4640, 493, '2019-02-10', 6, 30, 3000, 8, 2, 0, 'bei+nzuri', '', ''),
(4641, 493, '2019-02-10', 2, 0, 5000, 0, 2, 0, 'bei+nzuri', '', ''),
(4642, 493, '2019-04-10', 9, 0, 2000, 0, 0, 0, 'bei+nzuri', '', ''),
(4643, 492, '2019-02-10', 6, 30, 3000, 8, 2, 0, 'bei+nzuri', '', ''),
(4644, 492, '2019-02-10', 2, 0, 5000, 0, 2, 0, 'bei+nzuri', '', ''),
(4645, 492, '2019-04-10', 9, 0, 2000, 0, 0, 0, 'bei++nzuri', '', ''),
(4646, 494, '2019-02-10', 6, 30, 3000, 8, 2, 0, 'bei+nzuri', '', ''),
(4647, 494, '2019-02-10', 2, 0, 5000, 0, 2, 0, 'bei+nzuri', '', ''),
(4648, 494, '2019-04-10', 9, 0, 2000, 0, 0, 0, 'bei+nzuri.', '', ''),
(4649, 492, '2019-07-30', 0, 0, 0, 0, 0, 0, '', '/img/img4649.jpg', '/snd/snd4649.mp3'),
(4657, 469, '2019-07-30', 0, 0, 0, 0, 0, 0, '', '/img/img4657.jpg', '/snd/snd4657.mp3'),
(4658, 469, '2019-07-30', 0, 0, 0, 0, 0, 0, '', '/img/img4658.jpg', '/snd/snd4658.mp3'),
(4659, 466, '2019-06-10', 6, 2, 12000, 1, 10, 0, '', '', ''),
(4660, 466, '2019-07-10', 1, 0, 4500, 0, 0, 0, '', '', ''),
(4661, 465, '2019-06-10', 1, 0, 15000, 0, 0, 0, '', '', ''),
(4662, 465, '2019-06-10', 6, 1, 6000, 1, 10, 0, '', '', ''),
(4663, -231, '2019-06-11', 1, 0, 45000, 0, 0, 0, '', '', ''),
(4664, -231, '2019-07-11', 16, 0, 60000, 0, 0, 0, '', '', ''),
(4665, -231, '2012-01-02', 1, 0, 2000, 0, 0, 0, '', '', ''),
(4666, 469, '2019-07-30', 0, 0, 0, 0, 0, 0, '', '/img/img4666.jpg', '/snd/snd4666.mp3'),
(4674, 495, '2019-07-24', 8, 2, 500, 1, 14, 0, '', '', ''),
(4675, 495, '2019-07-24', 0, 0, 0, 0, 0, 0, '', '/img/img4675.jpg', '/snd/snd4675.mp3'),
(4678, 271, '2019-04-24', 9, 0, 1000, 0, 0, 0, 'bei+nzuri', '', ''),
(4679, 271, '2019-06-07', 4, 1, 50, 1, 17, 0, 'bei+nzuri', '', ''),
(4680, 269, '2019-06-07', 4, 6, 500, 1, 17, 0, 'bei+nzuri', '', ''),
(4681, 270, '2019-06-07', 4, 2, 100, 1, 17, 0, 'bei+nzuri', '', ''),
(4682, 271, '2019-07-24', 15, 0, 1000, 0, 0, 0, '', '', ''),
(4683, 271, '2019-07-31', 0, 0, 0, 0, 0, 0, '', '/img/img4683.jpg', '/snd/snd4683.mp3'),
(4709, 268, '2019-03-29', 0, 0, 0, 0, 0, 0, '', '/img/img4709.jpg', '/snd/snd4709.mp3'),
(4710, 267, '2019-04-20', 0, 0, 0, 0, 0, 0, '', '/img/img4710.jpg', '/snd/snd4710.mp3'),
(4711, 267, '2019-04-20', 0, 0, 0, 0, 0, 0, '', '/img/img4711.jpg', '/snd/snd4711.mp3'),
(4712, 267, '2019-04-20', 0, 0, 0, 0, 0, 0, '', '/img/img4712.jpg', '/snd/snd4712.mp3'),
(4713, 267, '2019-08-03', 0, 0, 0, 0, 0, 0, '', '/img/img4713.jpg', '/snd/snd4713.mp3'),
(4714, 267, '2019-08-03', 0, 0, 0, 0, 0, 0, '', '/img/img4714.jpg', '/snd/snd4714.mp3'),
(4715, 267, '2019-08-03', 0, 0, 0, 0, 0, 0, '', '/img/img4715.jpg', '/snd/snd4715.mp3'),
(4720, 267, '2019-04-14', 0, 0, 0, 0, 0, 0, '', '/img/img4720.jpg', '/snd/snd4720.mp3'),
(4724, 268, '2019-08-03', 0, 0, 0, 0, 0, 0, '', '/img/img4724.jpg', '/snd/snd4724.mp3'),
(4725, 268, '2019-08-05', 0, 0, 0, 0, 0, 0, '', '/img/img4725.jpg', '/snd/snd4725.mp3'),
(4726, 268, '2019-08-05', 0, 0, 0, 0, 0, 0, '', '/img/img4726.jpg', '/snd/snd4726.mp3'),
(4729, 268, '2019-08-03', 0, 0, 0, 0, 0, 0, '', '/img/img4729.jpg', '/snd/snd4729.mp3'),
(4730, 268, '2019-08-03', 0, 0, 0, 0, 0, 0, '', '/img/img4730.jpg', '/snd/snd4730.mp3'),
(4733, 268, '2019-08-03', 0, 0, 0, 0, 0, 0, '', '/img/img4733.jpg', '/snd/snd4733.mp3'),
(4734, 268, '2019-08-05', 0, 0, 0, 0, 0, 0, '', '/img/img4734.jpg', '/snd/snd4734.mp3'),
(4745, 268, '2019-08-05', 0, 0, 0, 0, 0, 0, '', '/img/img4745.jpg', '/snd/snd4745.mp3'),
(4746, 538, '2019-08-05', 0, 0, 0, 0, 0, 0, '', '/img/img4746.jpg', '/snd/snd4746.mp3'),
(4779, 375, '2019-07-02', 0, 0, 0, 0, 0, 0, '', '/img/img4779.jpg', '/snd/snd4779.mp3'),
(4780, 375, '2019-07-02', 0, 0, 0, 0, 0, 0, '', '/img/img4780.jpg', '/snd/snd4780.mp3'),
(4781, 375, '2019-07-14', 0, 0, 0, 0, 0, 0, '', '/img/img4781.jpg', '/snd/snd4781.mp3'),
(4782, 375, '2019-07-30', 0, 0, 0, 0, 0, 0, '', '/img/img4782.jpg', '/snd/snd4782.mp3'),
(4783, 375, '2019-08-04', 0, 0, 0, 0, 0, 0, '', '/img/img4783.jpg', '/snd/snd4783.mp3'),
(4784, 375, '2019-08-04', 0, 0, 0, 0, 0, 0, '', '/img/img4784.jpg', '/snd/snd4784.mp3'),
(4785, 375, '2019-08-04', 0, 0, 0, 0, 0, 0, '', '/img/img4785.jpg', '/snd/snd4785.mp3'),
(4786, 274, '2019-04-24', 14, 0, 90000, 0, 0, 0, '', '', ''),
(4787, 274, '2019-04-24', 2, 0, 20000, 0, 4, 0, '', '', ''),
(4788, 274, '2019-04-24', 9, 0, 60000, 0, 0, 0, '', '', ''),
(4789, 375, '2019-05-12', 13, 0, 60000, 0, 0, 0, 'kwaheka+mbili', '', ''),
(4790, 375, '2019-05-12', 14, 0, 80000, 0, 0, 0, 'tumelimakwaheka+mbili', '', ''),
(4791, 375, '2019-05-12', 9, 0, 60000, 0, 0, 0, 'kwaheka+mbili', '', ''),
(4792, 375, '2019-07-30', 13, 0, 60000, 0, 0, 0, '', '', ''),
(4793, 375, '2019-07-30', 9, 0, 60000, 0, 0, 0, '', '', ''),
(4806, 173, '2019-06-27', 0, 0, 0, 0, 0, 0, '', '/img/img4806.jpg', '/snd/snd4806.mp3'),
(4957, 351, '2019-08-06', 0, 0, 0, 0, 0, 0, '', '/img/img4957.jpg', '/snd/snd4957.mp3'),
(4977, -268, '2019-07-22', 0, 0, 0, 0, 0, 0, '', '/img/img4977.jpg', '/snd/snd4977.mp3'),
(4978, -268, '2019-07-22', 0, 0, 0, 0, 0, 0, '', '/img/img4978.jpg', '/snd/snd4978.mp3'),
(4979, -268, '2012-01-02', 0, 0, 0, 0, 0, 0, '', '/img/img4979.jpg', '/snd/snd4979.mp3'),
(4980, -268, '2019-08-02', 0, 0, 0, 0, 0, 0, '', '/img/img4980.jpg', '/snd/snd4980.mp3'),
(4981, -268, '2019-08-02', 0, 0, 0, 0, 0, 0, '', '/img/img4981.jpg', '/snd/snd4981.mp3'),
(4982, -268, '2019-08-02', 0, 0, 0, 0, 0, 0, '', '/img/img4982.jpg', '/snd/snd4982.mp3'),
(4983, -268, '2019-08-02', 0, 0, 0, 0, 0, 0, '', '/img/img4983.jpg', '/snd/snd4983.mp3'),
(4984, -268, '2019-08-02', 0, 0, 0, 0, 0, 0, '', '/img/img4984.jpg', '/snd/snd4984.mp3'),
(4985, -268, '2019-08-02', 0, 0, 0, 0, 0, 0, '', '/img/img4985.jpg', '/snd/snd4985.mp3'),
(4986, -268, '2019-08-02', 0, 0, 0, 0, 0, 0, '', '/img/img4986.jpg', '/snd/snd4986.mp3'),
(4987, -268, '2019-08-03', 0, 0, 0, 0, 0, 0, '', '/img/img4987.jpg', '/snd/snd4987.mp3'),
(4988, -268, '2019-08-03', 0, 0, 0, 0, 0, 0, '', '/img/img4988.jpg', '/snd/snd4988.mp3'),
(4989, -268, '2019-08-03', 0, 0, 0, 0, 0, 0, '', '/img/img4989.jpg', '/snd/snd4989.mp3'),
(4990, -268, '2019-08-03', 0, 0, 0, 0, 0, 0, '', '/img/img4990.jpg', '/snd/snd4990.mp3'),
(4991, -268, '2012-01-01', 0, 0, 0, 0, 0, 0, '', '/img/img4991.jpg', '/snd/snd4991.mp3'),
(4992, -268, '2012-01-01', 0, 0, 0, 0, 0, 0, '', '/img/img4992.jpg', '/snd/snd4992.mp3'),
(4993, -268, '2012-01-01', 0, 0, 0, 0, 0, 0, '', '/img/img4993.jpg', '/snd/snd4993.mp3'),
(4994, -268, '2012-01-01', 0, 0, 0, 0, 0, 0, '', '/img/img4994.jpg', '/snd/snd4994.mp3'),
(4995, -268, '2012-01-01', 0, 0, 0, 0, 0, 0, '', '/img/img4995.jpg', '/snd/snd4995.mp3'),
(4996, -268, '2012-01-01', 0, 0, 0, 0, 0, 0, '', '/img/img4996.jpg', '/snd/snd4996.mp3'),
(4997, -268, '2012-01-01', 0, 0, 0, 0, 0, 0, '', '/img/img4997.jpg', '/snd/snd4997.mp3'),
(4998, -268, '2012-01-01', 0, 0, 0, 0, 0, 0, '', '/img/img4998.jpg', '/snd/snd4998.mp3'),
(4999, -268, '2012-01-02', 0, 0, 0, 0, 0, 0, '', '/img/img4999.jpg', '/snd/snd4999.mp3'),
(5000, -268, '2012-01-02', 0, 0, 0, 0, 0, 0, '', '/img/img5000.jpg', '/snd/snd5000.mp3'),
(5001, -268, '2012-01-02', 0, 0, 0, 0, 0, 0, '', '/img/img5001.jpg', '/snd/snd5001.mp3'),
(5002, -268, '2012-01-02', 0, 0, 0, 0, 0, 0, '', '/img/img5002.jpg', '/snd/snd5002.mp3'),
(5003, -268, '2012-01-02', 0, 0, 0, 0, 0, 0, '', '/img/img5003.jpg', '/snd/snd5003.mp3'),
(5004, -268, '2019-08-06', 0, 0, 0, 0, 0, 0, '', '/img/img5004.jpg', '/snd/snd5004.mp3'),
(5005, -268, '2019-08-06', 0, 0, 0, 0, 0, 0, '', '/img/img5005.jpg', '/snd/snd5005.mp3'),
(5037, 268, '2019-08-03', 0, 0, 0, 0, 0, 0, '', '/img/img5037.jpg', '/snd/snd5037.mp3'),
(5038, 268, '2019-08-05', 0, 0, 0, 0, 0, 0, '', '/img/img5038.jpg', '/snd/snd5038.mp3'),
(5039, 268, '2019-08-05', 0, 0, 0, 0, 0, 0, '', '/img/img5039.jpg', '/snd/snd5039.mp3'),
(5040, 267, '2019-08-07', 0, 0, 0, 0, 0, 0, '', '/img/img5040.jpg', '/snd/snd5040.mp3'),
(5041, 267, '2019-08-07', 0, 0, 0, 0, 0, 0, '', '/img/img5041.jpg', '/snd/snd5041.mp3'),
(5042, 267, '2019-08-07', 0, 0, 0, 0, 0, 0, '', '/img/img5042.jpg', '/snd/snd5042.mp3'),
(5043, 267, '2019-08-07', 0, 0, 0, 0, 0, 0, '', '/img/img5043.jpg', '/snd/snd5043.mp3'),
(5044, 268, '2019-08-07', 0, 0, 0, 0, 0, 0, '', '/img/img5044.jpg', '/snd/snd5044.mp3'),
(5046, 548, '2019-08-03', 0, 0, 0, 0, 0, 0, '', '/img/img5046.jpg', '/snd/snd5046.mp3'),
(5047, 548, '2019-08-03', 0, 0, 0, 0, 0, 0, '', '/img/img5047.jpg', '/snd/snd5047.mp3'),
(5048, 548, '2019-08-05', 0, 0, 0, 0, 0, 0, '', '/img/img5048.jpg', '/snd/snd5048.mp3'),
(5049, 548, '2019-08-05', 0, 0, 0, 0, 0, 0, '', '/img/img5049.jpg', '/snd/snd5049.mp3'),
(5050, 548, '2019-08-05', 0, 0, 0, 0, 0, 0, '', '/img/img5050.jpg', '/snd/snd5050.mp3'),
(5051, 548, '2019-08-05', 0, 0, 0, 0, 0, 0, '', '/img/img5051.jpg', '/snd/snd5051.mp3'),
(5052, 548, '2019-08-06', 0, 0, 0, 0, 0, 0, '', '/img/img5052.jpg', '/snd/snd5052.mp3'),
(5053, 548, '2019-08-06', 0, 0, 0, 0, 0, 0, '', '/img/img5053.jpg', '/snd/snd5053.mp3'),
(5054, 548, '2019-08-06', 0, 0, 0, 0, 0, 0, '', '/img/img5054.jpg', '/snd/snd5054.mp3'),
(5055, 548, '2019-08-06', 0, 0, 0, 0, 0, 0, '', '/img/img5055.jpg', '/snd/snd5055.mp3'),
(5056, 548, '2019-08-06', 0, 0, 0, 0, 0, 0, '', '/img/img5056.jpg', '/snd/snd5056.mp3'),
(5057, 548, '2019-08-06', 0, 0, 0, 0, 0, 0, '', '/img/img5057.jpg', '/snd/snd5057.mp3'),
(5058, 548, '2019-08-06', 0, 0, 0, 0, 0, 0, '', '/img/img5058.jpg', '/snd/snd5058.mp3'),
(5059, 548, '2019-08-06', 0, 0, 0, 0, 0, 0, '', '/img/img5059.jpg', '/snd/snd5059.mp3'),
(5060, 548, '2019-08-06', 0, 0, 0, 0, 0, 0, '', '/img/img5060.jpg', '/snd/snd5060.mp3'),
(5061, 548, '2019-08-06', 0, 0, 0, 0, 0, 0, '', '/img/img5061.jpg', '/snd/snd5061.mp3'),
(5062, 548, '2019-08-07', 0, 0, 0, 0, 0, 0, '', '/img/img5062.jpg', '/snd/snd5062.mp3'),
(5063, 548, '2019-08-07', 0, 0, 0, 0, 0, 0, '', '/img/img5063.jpg', '/snd/snd5063.mp3'),
(5064, 548, '2019-08-07', 0, 0, 0, 0, 0, 0, '', '/img/img5064.jpg', '/snd/snd5064.mp3'),
(5065, 548, '2019-08-07', 0, 0, 0, 0, 0, 0, '', '/img/img5065.jpg', '/snd/snd5065.mp3'),
(5066, 548, '2019-08-07', 0, 0, 0, 0, 0, 0, '', '/img/img5066.jpg', '/snd/snd5066.mp3'),
(5067, 548, '2019-08-07', 0, 0, 0, 0, 0, 0, '', '/img/img5067.jpg', '/snd/snd5067.mp3'),
(5068, 548, '2019-08-07', 0, 0, 0, 0, 0, 0, '', '/img/img5068.jpg', '/snd/snd5068.mp3'),
(5069, 548, '2019-08-07', 0, 0, 0, 0, 0, 0, '', '/img/img5069.jpg', '/snd/snd5069.mp3'),
(5070, 548, '2019-08-07', 0, 0, 0, 0, 0, 0, '', '/img/img5070.jpg', '/snd/snd5070.mp3'),
(5071, 548, '2019-08-03', 4, 2, 2000, 1, 10, 0, '', '', ''),
(5130, 268, '2019-08-05', 0, 0, 0, 0, 0, 0, '', '/img/img5130.jpg', '/snd/snd5130.mp3'),
(5131, 268, '2019-08-07', 0, 0, 0, 0, 0, 0, '', '/img/img5131.jpg', '/snd/snd5131.mp3'),
(5132, 267, '2019-08-07', 0, 0, 0, 0, 0, 0, '', '/img/img5132.jpg', '/snd/snd5132.mp3'),
(5133, 267, '2019-08-08', 0, 0, 0, 0, 0, 0, '', '/img/img5133.jpg', '/snd/snd5133.mp3'),
(5134, 268, '2019-08-08', 0, 0, 0, 0, 0, 0, '', '/img/img5134.jpg', '/snd/snd5134.mp3'),
(5139, 267, '2019-08-07', 0, 0, 0, 0, 0, 0, '', '/img/img5139.jpg', '/snd/snd5139.mp3'),
(5140, 267, '2019-08-07', 0, 0, 0, 0, 0, 0, '', '/img/img5140.jpg', '/snd/snd5140.mp3'),
(5141, 267, '2019-08-07', 0, 0, 0, 0, 0, 0, '', '/img/img5141.jpg', '/snd/snd5141.mp3'),
(5142, 267, '2019-08-07', 0, 0, 0, 0, 0, 0, '', '/img/img5142.jpg', '/snd/snd5142.mp3'),
(5143, 268, '2019-08-07', 0, 0, 0, 0, 0, 0, '', '/img/img5143.jpg', '/snd/snd5143.mp3'),
(5144, 268, '2019-08-07', 0, 0, 0, 0, 0, 0, '', '/img/img5144.jpg', '/snd/snd5144.mp3'),
(5145, 267, '2019-08-07', 0, 0, 0, 0, 0, 0, '', '/img/img5145.jpg', '/snd/snd5145.mp3'),
(5146, 267, '2019-08-07', 0, 0, 0, 0, 0, 0, '', '/img/img5146.jpg', '/snd/snd5146.mp3'),
(5147, 551, '2019-05-06', 6, 1, 3500, 1, 23, 0, 'nzuri', '', ''),
(5148, 551, '2019-08-10', 0, 0, 0, 0, 0, 0, '', '/img/img5148.jpg', '/snd/snd5148.mp3'),
(5165, 268, '2019-08-08', 0, 0, 0, 0, 0, 0, '', '/img/img5165.jpg', '/snd/snd5165.mp3'),
(5194, 343, '2019-07-18', 0, 0, 0, 0, 0, 0, '', '/img/img5194.jpg', '/snd/snd5194.mp3'),
(5213, 343, '2019-07-18', 0, 0, 0, 0, 0, 0, '', '/img/img5213.jpg', '/snd/snd5213.mp3'),
(5232, 343, '2019-07-18', 0, 0, 0, 0, 0, 0, '', '/img/img5232.jpg', '/snd/snd5232.mp3'),
(5251, 343, '2019-07-18', 0, 0, 0, 0, 0, 0, '', '/img/img5251.jpg', '/snd/snd5251.mp3'),
(5263, 552, '2019-08-13', 0, 0, 0, 0, 0, 0, '', '/img/img5263.jpg', '/snd/snd5263.mp3'),
(5285, 339, '2019-07-30', 0, 0, 0, 0, 0, 0, '', '/img/img5278.jpg', '/snd/snd5278.mp3'),
(5286, 339, '2019-07-30', 0, 0, 0, 0, 0, 0, '', '/img/img5278.jpg', '/snd/snd5278.mp3'),
(5287, 339, '2019-08-07', 0, 0, 0, 0, 0, 0, '', '/img/img5287.jpg', '/snd/snd5287.mp3'),
(5288, 339, '2019-07-30', 0, 0, 0, 0, 0, 0, '', '/img/img5285.jpg', '/snd/snd5285.mp3'),
(5289, 339, '2019-08-07', 0, 0, 0, 0, 0, 0, '', '/img/img5289.jpg', '/snd/snd5289.mp3'),
(5290, 339, '2019-08-13', 0, 0, 0, 0, 0, 0, '', '/img/img5290.jpg', '/snd/snd5290.mp3'),
(5291, 339, '2019-08-07', 0, 0, 0, 0, 0, 0, '', '/img/img5287.jpg', '/snd/snd5287.mp3'),
(5292, 339, '2019-08-13', 0, 0, 0, 0, 0, 0, '', '/img/img5289.jpg', '/snd/snd5289.mp3'),
(5325, -1, '2019-08-13', 0, 0, 0, 0, 0, 0, '', '/img/img5325.jpg', '/snd/snd5325.mp3'),
(5326, 180, '2018-12-15', 9, 0, 120000, 0, 0, 0, '', '', ''),
(5327, 180, '2019-02-13', 9, 0, 109000, 0, 0, 0, '', '', ''),
(5328, 180, '2018-12-12', 2, 0, 16000, 0, 7, 0, '', '', ''),
(5329, 180, '2019-07-15', 4, 10, 125000, 5, 7, 0, '', '', ''),
(5330, 180, '2019-01-13', 6, 1, 1500, 1, 7, 0, '', '', ''),
(5346, 339, '2019-08-15', 0, 0, 0, 0, 0, 0, '', '/img/img5346.jpg', '/snd/snd5346.mp3'),
(5360, 570, '2019-08-18', 0, 0, 0, 0, 0, 0, '', '/img/img5360.jpg', '/snd/snd5360.mp3'),
(5362, 539, '2019-08-19', 0, 0, 0, 0, 0, 0, '', '/img/img5362.jpg', '/snd/snd5362.mp3'),
(5363, 340, '2018-12-28', 1, 0, 60000, 0, 0, 0, '', '', ''),
(5364, 340, '2019-01-04', 15, 0, 50000, 0, 0, 0, '', '', ''),
(5365, 340, '2019-01-21', 6, 10, 10000, 1, 8, 0, '', '', ''),
(5366, 340, '2019-01-21', 2, 0, 20000, 0, 8, 0, '', '', ''),
(5367, 340, '2019-01-30', 9, 0, 40000, 0, 0, 0, 'palizi+kubwa', '', ''),
(5368, 340, '2019-07-27', 4, 525, 525000, 1, 8, 0, '', '', ''),
(5369, 340, '2019-07-27', 12, 0, 25000, 0, 8, 0, '', '', ''),
(5372, -148, '2019-04-23', 0, 0, 0, 0, 0, 0, '', '/img/img5372.jpg', '/snd/snd5372.mp3'),
(5373, 337, '2019-08-20', 0, 0, 0, 0, 0, 0, '', '/img/img5373.jpg', '/snd/snd5373.mp3'),
(5386, 570, '2019-05-22', 1, 0, 10000, 0, 0, 0, '', '', ''),
(5387, 570, '2019-05-23', 6, 1, 2400, 1, 27, 0, '', '', ''),
(5388, 570, '2019-05-24', 2, 0, 1000, 0, 27, 0, 'nimepanda+mimi+mwenyewe', '', ''),
(5389, 570, '2019-06-15', 9, 0, 2000, 0, 0, 0, '', '', ''),
(5390, 570, '2019-06-16', 5, 1, 500, 1, 0, 3, '', '', ''),
(5391, 570, '2019-07-18', 4, 12, 28800, 1, 27, 0, 'mabichi+na+yaliyo+komaa', '', ''),
(5392, 570, '2019-08-18', 0, 0, 0, 0, 0, 0, '', '/img/img5392.jpg', '/snd/snd5392.mp3'),
(5393, 539, '2019-07-06', 1, 0, 1000, 0, 0, 0, '', '', ''),
(5394, 539, '2019-08-20', 0, 0, 0, 0, 0, 0, '', '/img/img5394.jpg', '/snd/snd5394.mp3'),
(5395, 552, '2019-07-12', 1, 0, 5000, 0, 0, 0, '', '', ''),
(5396, 552, '2019-08-13', 6, 2, 3000, 1, 14, 0, '', '', ''),
(5397, 552, '2019-07-20', 2, 0, 2000, 0, 14, 0, '', '', ''),
(5399, 572, '2019-08-22', 0, 0, 0, 0, 0, 0, '', '/img/img5399.jpg', '/snd/snd5399.mp3'),
(5415, 400, '2019-08-01', 0, 0, 0, 0, 0, 0, '', '/img/img5415.jpg', '/snd/snd5415.mp3'),
(5418, 337, '2019-08-22', 0, 0, 0, 0, 0, 0, '', '/img/img5418.jpg', '/snd/snd5418.mp3'),
(5424, -148, '2019-04-23', 1, 0, 2000, 0, 0, 0, 'bei+nzuri', '', ''),
(5425, -148, '2019-04-23', 9, 0, 4000, 0, 0, 0, 'bei+nzuri', '', '');
INSERT INTO `log` (`log_id`, `plot_id`, `log_date`, `log_data_item_id`, `log_quantity`, `log_value`, `log_units_id`, `log_crop_id`, `log_treatment_id`, `log_comments`, `log_picture`, `log_sound`) VALUES
(5426, 337, '2019-08-23', 0, 0, 0, 0, 0, 0, '', '/img/img5424.jpg', '/snd/snd5424.mp3'),
(5427, 337, '2019-08-23', 0, 0, 0, 0, 0, 0, '', '/img/img5424.jpg', '/snd/snd5424.mp3'),
(5428, 337, '2019-08-23', 0, 0, 0, 0, 0, 0, '', '/img/img5426.jpg', '/snd/snd5426.mp3'),
(5429, 574, '2019-03-23', 1, 0, 10000, 0, 0, 0, '', '', ''),
(5430, 574, '2019-03-24', 7, 3, 10500, 1, 0, 11, '', '', ''),
(5431, 574, '2019-04-04', 15, 0, 5000, 0, 0, 0, '', '', ''),
(5432, 574, '2019-04-06', 2, 0, 3000, 0, 2, 0, '', '', ''),
(5433, 574, '2019-08-26', 0, 0, 0, 0, 0, 0, '', '/img/img5433.jpg', '/snd/snd5433.mp3'),
(5434, 575, '2019-03-23', 1, 0, 1000, 0, 0, 0, '', '', ''),
(5435, 575, '2019-03-24', 6, 2, 7000, 1, 2, 0, '', '', ''),
(5436, 575, '2019-04-06', 2, 0, 3000, 0, 2, 0, '', '', ''),
(5437, 575, '2019-05-24', 9, 0, 5000, 0, 0, 0, '', '', ''),
(5438, 575, '2019-08-26', 0, 0, 0, 0, 0, 0, '', '/img/img5438.jpg', '/snd/snd5438.mp3'),
(5439, 573, '2019-03-24', 6, 2, 7000, 1, 2, 0, '', '', ''),
(5440, 573, '2019-04-06', 2, 0, 5000, 0, 2, 0, '', '', ''),
(5441, 573, '2019-05-24', 9, 0, 5000, 0, 0, 0, '', '', ''),
(5447, 399, '2019-05-17', 0, 0, 0, 0, 0, 0, '', '/img/img5447.jpg', '/snd/snd5447.mp3'),
(5453, 363, '2018-12-15', 1, 0, 15000, 0, 0, 0, '', '', ''),
(5454, 363, '2019-01-05', 6, 1, 2500, 1, 8, 0, 'bei+nzuri', '', ''),
(5455, 363, '2019-01-15', 2, 0, 5000, 0, 8, 0, '', '', ''),
(5456, 363, '2019-02-15', 9, 0, 10000, 0, 0, 0, '', '', ''),
(5457, 364, '2018-12-15', 1, 0, 15000, 0, 0, 0, '', '', ''),
(5458, 364, '2019-02-15', 7, 100, 3000, 1, 0, 11, '', '', ''),
(5459, 364, '2019-01-05', 6, 1, 2500, 1, 8, 0, '', '', ''),
(5460, 364, '2019-01-15', 2, 0, 5000, 0, 8, 0, '', '', ''),
(5461, 364, '2019-02-15', 9, 0, 10000, 0, 0, 0, '', '', ''),
(5462, 363, '2019-06-03', 4, 47, 5000, 1, 8, 0, '', '', ''),
(5463, 363, '2019-06-03', 12, 0, 100, 0, 8, 0, '', '', ''),
(5464, 364, '2019-06-04', 4, 85, 500, 1, 8, 0, '', '', ''),
(5465, 364, '2019-06-04', 12, 0, 100, 0, 8, 0, '', '', ''),
(5502, 399, '2019-05-17', 0, 0, 0, 0, 0, 0, '', '/img/img5502.jpg', '/snd/snd5502.mp3'),
(5537, 372, '2019-04-29', 0, 0, 0, 0, 0, 0, '', '/img/img5537.jpg', '/snd/snd5537.mp3'),
(5585, 2, '2019-02-02', 6, 1, 1200, 1, 1, 0, 'mbegu+bora', '', ''),
(5586, 3, '2019-02-02', 6, 1, 4000, 1, 4, 0, 'mbegu+bora', '', ''),
(5587, 3, '2019-02-02', 6, 1, 5000, 1, 17, 0, 'mbegu+bora', '', ''),
(5588, 4, '2019-02-02', 6, 1, 4000, 1, 4, 0, 'mbegu+bora', '', ''),
(5589, 4, '2019-02-02', 6, 1, 5008, 1, 17, 0, 'mbegu+bora', '', ''),
(5590, 2, '2019-03-23', 14, 0, 18000, 0, 0, 0, 'gharama+za+kuvuna', '', ''),
(5591, 4, '2019-03-17', 2, 0, 8000, 0, 17, 0, 'gharama+kupanda', '', ''),
(5592, -1, '2019-04-21', 9, 0, 60000, 0, 0, 0, 'gharama+za+palizi', '', ''),
(5595, 2, '2019-04-25', 15, 0, 3000, 0, 0, 0, '', '', ''),
(5596, 2, '2019-04-27', 11, 0, 2000, 0, 1, 0, '', '', ''),
(5597, 3, '2019-02-26', 9, 0, 6000, 0, 0, 0, '', '', ''),
(5598, 3, '2019-04-28', 12, 0, 4000, 0, 17, 0, '', '', ''),
(5599, 4, '2019-03-02', 9, 0, 2000, 0, 0, 0, '', '', ''),
(5600, 4, '2019-05-02', 4, 2, 59, 2, 4, 0, '', '', ''),
(5607, 399, '2019-05-17', 0, 0, 0, 0, 0, 0, '', '/img/img5607.jpg', '/snd/snd5607.mp3'),
(5614, 399, '2019-06-09', 0, 0, 0, 0, 0, 0, '', '/img/img5614.jpg', '/snd/snd5614.mp3'),
(5615, 399, '2019-06-11', 0, 0, 0, 0, 0, 0, '', '/img/img5615.jpg', '/snd/snd5615.mp3'),
(5616, 308, '2019-04-23', 0, 0, 0, 0, 0, 0, '', '/img/img5616.jpg', '/snd/snd5616.mp3'),
(5617, 317, '2019-05-27', 0, 0, 0, 0, 0, 0, '', '/img/img5617.jpg', '/snd/snd5617.mp3'),
(5624, 308, '2019-04-23', 0, 0, 0, 0, 0, 0, '', '/img/img5624.jpg', '/snd/snd5624.mp3'),
(5625, 317, '2019-05-27', 0, 0, 0, 0, 0, 0, '', '/img/img5625.jpg', '/snd/snd5625.mp3'),
(5637, 308, '2019-04-23', 6, 1, 1000, 1, 7, 0, 'mbegu+bora', '', ''),
(5638, 317, '2019-02-02', 1, 0, 20000, 0, 0, 0, '', '', ''),
(5639, 317, '2019-02-03', 2, 0, 10000, 0, 47, 0, '', '', ''),
(5640, 317, '2019-02-05', 9, 0, 5000, 0, 0, 0, '', '', ''),
(5641, 317, '2019-04-18', 12, 0, 3000, 0, 47, 0, '', '', ''),
(5642, -136, '2012-01-03', 15, 0, 1300, 0, 0, 0, 'gharama+dawa', '', ''),
(5646, 308, '2019-04-23', 0, 0, 0, 0, 0, 0, '', '/img/img5646.jpg', '/snd/snd5646.mp3'),
(5661, 420, '2018-01-10', 6, 3, 3000, 1, 1, 0, '', '', ''),
(5662, 419, '2018-01-12', 4, 3, 3000, 1, 1, 0, '', '', ''),
(5663, 432, '2018-01-11', 8, 3, 3000, 1, 1, 0, '', '', ''),
(5664, 431, '2018-02-11', 2, 0, 5000, 0, 4, 0, 'bei+mbaya', '', ''),
(5665, 431, '2018-06-12', 15, 0, 3000, 0, 0, 0, 'hakuna+maon', '', ''),
(5666, -169, '2019-04-27', 15, 0, 20000, 0, 0, 0, '', '', ''),
(5667, 373, '2018-12-10', 1, 0, 30000, 0, 0, 0, '', '', ''),
(5668, 373, '2018-12-19', 6, 3, 6000, 1, 1, 0, '', '', ''),
(5669, 373, '2018-12-12', 2, 0, 5000, 0, 1, 0, '', '', ''),
(5670, 373, '2018-12-20', 9, 0, 30000, 0, 0, 0, '', '', ''),
(5671, 373, '2019-04-27', 4, 1, 42, 1, 1, 0, '', '', ''),
(5672, 374, '2018-12-10', 1, 0, 30000, 0, 0, 0, '', '', ''),
(5673, 374, '2018-12-12', 6, 3, 6000, 1, 1, 0, '', '', ''),
(5674, 374, '2018-12-12', 2, 0, 5000, 0, 1, 0, '', '', ''),
(5675, 374, '2018-12-20', 9, 0, 5000, 0, 0, 0, '', '', ''),
(5676, 374, '2019-04-27', 4, 4, 160, 1, 1, 0, '', '', ''),
(5677, 374, '2019-05-01', 6, 2, 2000, 1, 16, 0, '', '', ''),
(5678, 374, '2018-12-12', 2, 0, 2000, 0, 16, 0, '', '', ''),
(5679, 374, '2019-04-27', 4, 4, 160, 1, 1, 0, '', '', ''),
(5687, 399, '2019-03-12', 6, 1, 8000, 1, 6, 0, '', '', ''),
(5688, 399, '2019-03-05', 1, 0, 70000, 0, 0, 0, '', '', ''),
(5689, 399, '2019-03-17', 2, 0, 40000, 0, 6, 0, '', '', ''),
(5690, 399, '2014-05-30', 14, 0, 3, 0, 0, 0, '', '', ''),
(5691, 399, '2018-02-24', 7, 1.2, 20000, 1, 0, 10, '', '', ''),
(5692, 399, '2019-08-27', 9, 0, 2000, 0, 0, 0, '', '', ''),
(5693, 399, '2019-08-27', 2, 0, 15000, 0, 6, 0, '', '', ''),
(5737, 577, '2019-02-20', 1, 0, 100, 0, 0, 0, '', '', ''),
(5738, 577, '2019-02-21', 6, 0.25, 500, 1, 7, 0, '', '', ''),
(5739, 577, '2019-02-21', 2, 0, 500, 0, 7, 0, '', '', ''),
(5740, 577, '2019-04-25', 9, 0, 1000, 0, 0, 0, '', '', ''),
(5741, 578, '2019-02-20', 1, 0, 1000, 0, 0, 0, '', '', ''),
(5742, 578, '2019-04-21', 6, 0.25, 500, 1, 7, 0, '', '', ''),
(5743, 578, '2019-04-21', 2, 0, 500, 0, 7, 0, '', '', ''),
(5744, 578, '2019-04-25', 9, 0, 1000, 0, 0, 0, '', '', ''),
(5745, 578, '2019-02-21', 7, 25, 2000, 1, 0, 11, '', '', ''),
(5746, 577, '2019-07-08', 4, 1, 1500, 1, 7, 0, 'mbegu+bora', '', ''),
(5747, 578, '2019-07-08', 4, 13, 500, 1, 7, 0, 'mbegu+bora', '', ''),
(5778, 280, '2019-02-03', 2, 0, 500, 0, 2, 0, 'beiyambegunimzuri', '', ''),
(5779, 281, '2019-02-03', 2, 0, 1000, 0, 1, 0, 'beiyambegunimzuri', '', ''),
(5780, 282, '2019-02-03', 2, 0, 500, 0, 7, 0, 'beinimzuri', '', ''),
(5781, 283, '2019-02-03', 2, 0, 500, 0, 2, 0, 'beinimzuri', '', ''),
(5782, 284, '2019-02-03', 6, 1, 1000, 1, 1, 0, '', '', ''),
(5783, 285, '2019-02-03', 6, 1, 500, 1, 7, 0, '', '', ''),
(5784, 281, '2019-07-22', 14, 0, 33, 0, 0, 0, '', '', ''),
(5785, 282, '2019-07-22', 4, 1.12, 800, 1, 7, 0, '', '', ''),
(5786, 284, '2019-07-22', 4, 1, 1000, 1, 1, 0, '', '', ''),
(5787, 285, '2019-07-22', 4, 2.34, 5000, 1, 7, 0, '', '', ''),
(5792, 580, '2018-07-24', 1, 0, 5800, 0, 0, 0, 'gharama+ni+kubwa', '', ''),
(5793, 580, '2017-06-24', 1, 0, 5000, 0, 0, 0, 'gharama++ni+kubwa', '', ''),
(5794, 579, '2012-01-01', 2, 0, 150000, 0, 4, 0, '', '', ''),
(5795, 579, '2012-01-01', 6, 4, 20000, 1, 4, 0, 'hongera++sana', '', ''),
(5796, 579, '2019-01-15', 6, 2, 7000, 1, 4, 0, 'bei+ya+mbegu+kubwa', '', ''),
(5799, 572, '2019-08-27', 0, 0, 0, 0, 0, 0, '', '/img/img5799.jpg', '/snd/snd5799.mp3'),
(5802, 572, '2019-08-27', 0, 0, 0, 0, 0, 0, '', '/img/img5802.jpg', '/snd/snd5802.mp3'),
(5807, 268, '2019-08-28', 0, 0, 0, 0, 0, 0, '', '/img/img5807.jpg', '/snd/snd5807.mp3'),
(5823, 400, '2019-08-01', 0, 0, 0, 0, 0, 0, '', '/img/img5823.jpg', '/snd/snd5823.mp3'),
(5836, -268, '2019-08-09', 0, 0, 0, 0, 0, 0, '', '/img/img5836.jpg', '/snd/snd5836.mp3'),
(5837, -268, '2019-08-12', 0, 0, 0, 0, 0, 0, '', '/img/img5837.jpg', '/snd/snd5837.mp3'),
(5838, -268, '2019-08-12', 0, 0, 0, 0, 0, 0, '', '/img/img5838.jpg', '/snd/snd5838.mp3'),
(5839, -268, '2019-08-22', 0, 0, 0, 0, 0, 0, '', '/img/img5839.jpg', '/snd/snd5839.mp3'),
(5840, -268, '2019-08-22', 0, 0, 0, 0, 0, 0, '', '/img/img5840.jpg', '/snd/snd5840.mp3'),
(5841, -268, '2019-08-22', 0, 0, 0, 0, 0, 0, '', '/img/img5841.jpg', '/snd/snd5841.mp3'),
(5842, -268, '2019-08-22', 0, 0, 0, 0, 0, 0, '', '/img/img5842.jpg', '/snd/snd5842.mp3'),
(5843, -268, '2019-08-22', 0, 0, 0, 0, 0, 0, '', '/img/img5843.jpg', '/snd/snd5843.mp3'),
(5844, -268, '2019-08-22', 0, 0, 0, 0, 0, 0, '', '/img/img5844.jpg', '/snd/snd5844.mp3'),
(5845, -294, '2019-08-28', 0, 0, 0, 0, 0, 0, '', '/img/img5845.jpg', '/snd/snd5845.mp3'),
(5846, -294, '2019-08-28', 0, 0, 0, 0, 0, 0, '', '/img/img5846.jpg', '/snd/snd5846.mp3'),
(5847, -294, '2019-08-28', 0, 0, 0, 0, 0, 0, '', '/img/img5847.jpg', '/snd/snd5847.mp3'),
(5848, -294, '2019-08-28', 0, 0, 0, 0, 0, 0, '', '/img/img5848.jpg', '/snd/snd5848.mp3'),
(5849, -294, '2019-08-28', 0, 0, 0, 0, 0, 0, '', '/img/img5849.jpg', '/snd/snd5849.mp3'),
(5917, 338, '2019-08-30', 0, 0, 0, 0, 0, 0, '', '/img/img5917.jpg', '/snd/snd5917.mp3'),
(5932, 338, '2019-08-30', 0, 0, 0, 0, 0, 0, '', '/img/img5932.jpg', '/snd/snd5932.mp3'),
(5961, 572, '2019-06-22', 6, 2000, 0.1, 1, 20, 0, '', '', ''),
(5962, 572, '2019-08-27', 5, 3, 1000, 1, 0, 19, '', '', ''),
(5963, 572, '2019-08-31', 4, 3, 3000, 1, 20, 0, '', '', ''),
(5966, 268, '2019-08-28', 0, 0, 0, 0, 0, 0, '', '/img/img5966.jpg', '/snd/snd5966.mp3'),
(5967, 268, '2019-08-28', 0, 0, 0, 0, 0, 0, '', '/img/img5967.jpg', '/snd/snd5967.mp3'),
(5969, 268, '2019-08-28', 0, 0, 0, 0, 0, 0, '', '/img/img5969.jpg', '/snd/snd5969.mp3'),
(5970, 268, '2019-08-31', 0, 0, 0, 0, 0, 0, '', '/img/img5970.jpg', '/snd/snd5970.mp3'),
(5971, 268, '2019-08-31', 0, 0, 0, 0, 0, 0, '', '/img/img5971.jpg', '/snd/snd5971.mp3'),
(5972, 268, '2019-08-31', 0, 0, 0, 0, 0, 0, '', '/img/img5972.jpg', '/snd/snd5972.mp3'),
(5975, 587, '2019-08-31', 0, 0, 0, 0, 0, 0, '', '/img/img5975.jpg', '/snd/snd5975.mp3'),
(5991, 400, '2019-08-01', 0, 0, 0, 0, 0, 0, '', '/img/img5991.jpg', '/snd/snd5991.mp3'),
(6022, 400, '2019-08-01', 0, 0, 0, 0, 0, 0, '', '/img/img6022.jpg', '/snd/snd6022.mp3'),
(6038, 400, '2019-08-01', 0, 0, 0, 0, 0, 0, '', '/img/img6022.jpg', '/snd/snd6022.mp3'),
(6054, 400, '2019-08-01', 0, 0, 0, 0, 0, 0, '', '/img/img6038.jpg', '/snd/snd6038.mp3'),
(6070, 400, '2019-08-01', 0, 0, 0, 0, 0, 0, '', '/img/img6054.jpg', '/snd/snd6054.mp3'),
(6086, 400, '2019-08-01', 0, 0, 0, 0, 0, 0, '', '/img/img6070.jpg', '/snd/snd6070.mp3'),
(6087, 400, '2019-08-01', 0, 0, 0, 0, 0, 0, '', '/img/img6086.jpg', '/snd/snd6086.mp3'),
(6106, 587, '2019-08-31', 4, 3, 1500, 1, 46, 0, '', '', ''),
(6115, 589, '2019-09-04', 0, 0, 0, 0, 0, 0, '', '/img/img6115.jpg', '/snd/snd6115.mp3'),
(6116, 589, '2019-09-04', 0, 0, 0, 0, 0, 0, '', '/img/img6116.jpg', '/snd/snd6116.mp3'),
(6118, 589, '2019-09-04', 0, 0, 0, 0, 0, 0, '', '/img/img6118.jpg', '/snd/snd6118.mp3'),
(6123, -302, '2019-09-04', 0, 0, 0, 0, 0, 0, '', '/img/img6123.jpg', '/snd/snd6123.mp3'),
(6128, 589, '2019-04-07', 2, 0, 2000, 0, 48, 0, '', '', ''),
(6157, 338, '2019-09-04', 0, 0, 0, 0, 0, 0, '', '/img/img6143.jpg', '/snd/snd6143.mp3'),
(6158, 338, '2019-09-04', 0, 0, 0, 0, 0, 0, '', '/img/img6157.jpg', '/snd/snd6157.mp3'),
(6159, 338, '2019-09-04', 0, 0, 0, 0, 0, 0, '', '/img/img6158.jpg', '/snd/snd6158.mp3'),
(6160, 338, '2019-09-04', 0, 0, 0, 0, 0, 0, '', '/img/img6159.jpg', '/snd/snd6159.mp3'),
(6161, 338, '2019-09-04', 0, 0, 0, 0, 0, 0, '', '/img/img6161.jpg', '/snd/snd6161.mp3'),
(6169, 338, '2019-09-04', 0, 0, 0, 0, 0, 0, '', '/img/img6161.jpg', '/snd/snd6161.mp3'),
(6177, 338, '2019-09-04', 0, 0, 0, 0, 0, 0, '', '/img/img6169.jpg', '/snd/snd6169.mp3'),
(6199, 338, '2019-09-04', 0, 0, 0, 0, 0, 0, '', '/img/img6177.jpg', '/snd/snd6178.mp3'),
(6214, 526, '2019-07-08', 1, 0, 5000, 0, 0, 0, 'mfawima', '', ''),
(6215, 526, '2019-07-08', 6, 0.5, 600, 1, 7, 0, '', '', ''),
(6216, 526, '2019-07-09', 2, 0, 3000, 0, 7, 0, 'tumepanda+wenyewe', '', ''),
(6217, 526, '2019-07-31', 7, 1, 200, 1, 0, 3, 'tumechuma+shambani+kwetu', '', ''),
(6218, 526, '2019-07-31', 7, 0.25, 500, 1, 0, 1, '', '', ''),
(6219, 526, '2019-08-01', 9, 0, 2000, 0, 0, 0, '', '', ''),
(6220, 526, '2019-08-01', 5, 5, 200, 7, 0, 3, 'tumepiga+dawa+wenyewe', '', ''),
(6221, 526, '2019-08-01', 5, 5, 200, 7, 0, 1, '', '', ''),
(6222, 525, '2019-07-01', 1, 0, 8000, 0, 0, 0, '', '', ''),
(6223, 525, '2019-07-20', 5, 2, 1000, 1, 0, 3, '', '', ''),
(6224, 525, '2019-07-24', 7, 8, 4000, 5, 0, 10, '', '', ''),
(6225, 525, '2019-07-18', 7, 60, 2000, 7, 0, 18, '', '', ''),
(6226, 525, '2019-07-04', 2, 0, 2500, 0, 10, 0, '', '', ''),
(6227, 525, '2019-07-21', 9, 0, 3000, 0, 0, 0, '', '', ''),
(6228, 525, '2019-08-01', 15, 0, 1000, 0, 0, 0, 'dawa+lita+20%2Fpilipili+na+mwarobaini', '', ''),
(6229, 400, '2019-08-01', 0, 0, 0, 0, 0, 0, '', '/img/img6229.jpg', '/snd/snd6229.mp3'),
(6272, 339, '2019-09-05', 0, 0, 0, 0, 0, 0, '', '/img/img6272.jpg', '/snd/snd6272.mp3'),
(6273, 338, '2018-12-28', 1, 0, 7500, 0, 0, 0, '', '', ''),
(6274, 338, '2019-01-04', 15, 0, 6000, 0, 0, 0, '', '', ''),
(6275, 338, '2019-01-21', 6, 0.5, 1000, 1, 8, 0, '', '', ''),
(6276, 339, '2018-12-28', 1, 0, 7500, 0, 0, 0, '', '', ''),
(6277, 339, '2019-01-04', 15, 0, 6000, 0, 0, 0, '', '', ''),
(6278, 339, '2019-01-21', 6, 0.5, 1000, 1, 8, 0, 'mbegu+bora+ya+mpunga+mbawa+mbili', '', ''),
(6279, 339, '2019-01-03', 7, 120, 6000, 1, 0, 11, 'mbolea+ys+asili', '', ''),
(6280, 602, '2019-09-04', 9, 0, 2500, 0, 0, 0, 'beila%22%2Cmaboga', '', ''),
(6281, -305, '2019-09-04', 1, 0, 25000, 0, 0, 0, 'beils%2Cmaboga', '', ''),
(6282, -306, '2019-09-05', 9, 0, 20000, 0, 0, 0, 'beila', '', ''),
(6283, -306, '2019-05-05', 13, 0, 2000, 0, 0, 0, 'beila', '', ''),
(6284, -306, '2019-09-05', 9, 0, 12300, 0, 0, 0, 'beila', '', ''),
(6303, 343, '2019-07-18', 0, 0, 0, 0, 0, 0, '', '/img/img6303.jpg', '/snd/snd6303.mp3'),
(6304, 343, '2019-07-18', 0, 0, 0, 0, 0, 0, '', '/img/img6304.jpg', '/snd/snd6304.mp3'),
(6305, 344, '2019-08-11', 0, 0, 0, 0, 0, 0, '', '/img/img6305.jpg', '/snd/snd6305.mp3'),
(6306, 344, '2019-08-11', 0, 0, 0, 0, 0, 0, '', '/img/img6306.jpg', '/snd/snd6306.mp3'),
(6307, 341, '2019-03-12', 1, 0, 5000, 0, 0, 0, '', '', ''),
(6308, 341, '2019-03-23', 6, 0.5, 2000, 1, 8, 0, '', '', ''),
(6309, 341, '2019-03-23', 2, 0, 4000, 0, 8, 0, '', '', ''),
(6310, 341, '2019-04-28', 9, 0, 4000, 0, 0, 0, '', '', ''),
(6311, 342, '2019-03-12', 1, 0, 5000, 0, 0, 0, '', '', ''),
(6312, 342, '2019-03-23', 6, 0.5, 2000, 1, 8, 0, '', '', ''),
(6313, 342, '2019-03-28', 2, 0, 4000, 0, 8, 0, '', '', ''),
(6314, 342, '2019-03-28', 7, 50, 6000, 1, 0, 11, '', '', ''),
(6315, 342, '2019-04-28', 9, 0, 4000, 0, 0, 0, '', '', ''),
(6316, 343, '2019-02-22', 1, 0, 15000, 0, 0, 0, '', '', ''),
(6317, 343, '2019-05-03', 6, 1, 4000, 1, 1, 0, '', '', ''),
(6318, 343, '2019-04-01', 2, 0, 5000, 0, 1, 0, '', '', ''),
(6319, 343, '2019-04-19', 9, 0, 10000, 0, 0, 0, '', '', ''),
(6320, 344, '2019-03-22', 1, 0, 15000, 0, 0, 0, '', '', ''),
(6321, 344, '2019-04-01', 6, 1, 4000, 1, 1, 0, '', '', ''),
(6322, 344, '2019-04-01', 2, 0, 5000, 0, 1, 0, '', '', ''),
(6323, 344, '2019-04-01', 7, 50, 6000, 1, 0, 11, '', '', ''),
(6324, 344, '2019-04-19', 9, 0, 10000, 0, 0, 0, '', '', ''),
(6325, 475, '2019-08-05', 0, 0, 0, 0, 0, 0, '', '/img/img6325.jpg', '/snd/snd6325.mp3'),
(6326, 475, '2019-08-05', 0, 0, 0, 0, 0, 0, '', '/img/img6326.jpg', '/snd/snd6326.mp3'),
(6327, 475, '2019-08-05', 0, 0, 0, 0, 0, 0, '', '/img/img6327.jpg', '/snd/snd6327.mp3'),
(6328, 475, '2019-08-05', 0, 0, 0, 0, 0, 0, '', '/img/img6328.jpg', '/snd/snd6328.mp3'),
(6329, 475, '2019-08-05', 0, 0, 0, 0, 0, 0, '', '/img/img6329.jpg', '/snd/snd6329.mp3'),
(6330, 475, '2019-08-05', 0, 0, 0, 0, 0, 0, '', '/img/img6330.jpg', '/snd/snd6330.mp3'),
(6331, 475, '2019-08-05', 0, 0, 0, 0, 0, 0, '', '/img/img6331.jpg', '/snd/snd6331.mp3'),
(6332, 475, '2019-08-05', 0, 0, 0, 0, 0, 0, '', '/img/img6332.jpg', '/snd/snd6332.mp3'),
(6333, 475, '2019-08-05', 0, 0, 0, 0, 0, 0, '', '/img/img6333.jpg', '/snd/snd6333.mp3'),
(6334, -234, '2019-08-30', 0, 0, 0, 0, 0, 0, '', '/img/img6334.jpg', '/snd/snd6334.mp3'),
(6335, -234, '2019-09-06', 0, 0, 0, 0, 0, 0, '', '/img/img6335.jpg', '/snd/snd6335.mp3'),
(6336, -234, '2019-09-06', 0, 0, 0, 0, 0, 0, '', '/img/img6336.jpg', '/snd/snd6336.mp3'),
(6337, 571, '2019-08-04', 2, 0, 5000, 0, 18, 0, 'sio+mbaya', '', ''),
(6338, 571, '2019-09-06', 0, 0, 0, 0, 0, 0, '', '/img/img6338.jpg', '/snd/snd6338.mp3'),
(6403, 519, '2019-07-24', 6, 1, 1000, 1, 23, 0, 'hakuna.++vuwa.+yakutosha', '', ''),
(6427, -187, '2019-02-09', 0, 0, 0, 0, 0, 0, '', '/img/img6427.jpg', '/snd/snd6427.mp3'),
(6428, -187, '2019-02-09', 0, 0, 0, 0, 0, 0, '', '/img/img6428.jpg', '/snd/snd6428.mp3'),
(6429, 393, '2019-09-02', 0, 0, 0, 0, 0, 0, '', '/img/img6429.jpg', '/snd/snd6429.mp3'),
(6430, 396, '2019-02-09', 6, 600, 150000, 8, 2, 0, 'mbeng+u+++safi', '', ''),
(6431, 396, '2019-04-23', 1, 0, 15000, 0, 0, 0, 'kupanda', '', ''),
(6432, 396, '2019-05-04', 9, 0, 500000, 0, 0, 0, '', '', ''),
(6433, 396, '2019-05-04', 1, 0, 100000, 0, 0, 0, '', '', ''),
(6434, 396, '2019-09-07', 0, 0, 0, 0, 0, 0, '', '/img/img6434.jpg', '/snd/snd6434.mp3'),
(6446, 520, '2019-08-05', 0, 0, 0, 0, 0, 0, '', '/img/img6446.jpg', '/snd/snd6446.mp3'),
(6481, -66, '2019-04-16', 15, 0, 2000, 0, 0, 0, 'mazeti', '', ''),
(6482, 160, '2019-04-15', 1, 0, 39000, 0, 0, 0, 'mranda+vyombo+maji', '', ''),
(6483, 160, '2019-04-15', 15, 0, 6000, 0, 0, 0, 'Nauli', '', ''),
(6484, 160, '2019-04-29', 15, 0, 5000, 0, 0, 0, 'DCP', '', ''),
(6485, 160, '2019-04-30', 15, 0, 15000, 0, 0, 0, 'mkaa', '', ''),
(6486, 160, '2019-05-19', 15, 0, 450000, 0, 0, 0, 'pumba', '', ''),
(6900, 624, '2019-09-09', 0, 0, 0, 0, 0, 0, '', '/img/img6900.jpg', '/snd/snd6900.mp3'),
(6901, 623, '2019-03-28', 1, 0, 3500, 0, 0, 0, '', '', ''),
(6902, 623, '2019-04-02', 6, 0.25, 1500, 1, 1, 0, '', '', ''),
(6903, 623, '2019-04-02', 2, 0, 3000, 0, 1, 0, '', '', ''),
(6904, 623, '2019-04-14', 9, 0, 4000, 0, 0, 0, '', '', ''),
(6905, 623, '2019-08-16', 4, 8, 1000, 1, 1, 0, '', '', ''),
(6906, 623, '2019-08-16', 12, 0, 500, 0, 1, 0, '', '', ''),
(6907, 624, '2019-03-28', 1, 0, 3500, 0, 0, 0, '', '', ''),
(6908, 624, '2019-03-28', 7, 50, 1000, 1, 0, 11, '', '', ''),
(6909, 624, '2019-04-02', 6, 0.25, 1500, 1, 1, 0, '', '', ''),
(6910, 624, '2019-04-02', 2, 0, 3000, 0, 1, 0, '', '', ''),
(6911, 624, '2019-04-14', 9, 0, 4000, 0, 0, 0, '', '', ''),
(6912, 624, '2019-08-16', 4, 15, 1000, 1, 1, 0, '', '', ''),
(6913, 625, '2019-03-05', 1, 0, 3500, 0, 0, 0, '', '', ''),
(6914, 625, '2019-03-08', 6, 0.13, 2000, 1, 10, 0, '', '', ''),
(6915, 625, '2019-03-09', 2, 0, 2000, 0, 10, 0, '', '', ''),
(6916, 625, '2019-04-02', 9, 0, 2000, 0, 0, 0, '', '', ''),
(6917, 625, '2019-05-05', 4, 1, 1000, 1, 10, 0, 'mchumo+wa+kwanza', '', ''),
(6918, 625, '2019-05-09', 4, 1, 1000, 1, 10, 0, 'mchumo+wa+pili', '', ''),
(6919, 625, '2019-05-11', 4, 1, 1000, 1, 10, 0, 'mchumo+wa+tatu', '', ''),
(6920, 625, '2019-05-15', 4, 0.75, 750, 1, 10, 0, 'mchumo+wa+nne+', '', ''),
(6921, 626, '2019-03-05', 1, 0, 3500, 0, 0, 0, '', '', ''),
(6922, 626, '2019-03-08', 6, 0.13, 2000, 1, 10, 0, '', '', ''),
(6923, 626, '2019-03-09', 2, 0, 2000, 0, 10, 0, '', '', ''),
(6924, 626, '2019-03-15', 7, 2, 0, 1, 0, 3, '', '', ''),
(6925, 626, '2019-03-15', 7, 2, 2000, 1, 0, 1, '', '', ''),
(6926, 626, '2019-03-15', 7, 0.5, 4000, 1, 0, 5, '', '', ''),
(6927, 626, '2019-03-15', 7, 0.25, 250, 1, 0, 4, '', '', ''),
(6928, 626, '2019-03-07', 7, 5, 200, 1, 0, 11, '', '', ''),
(6929, 626, '2019-04-02', 9, 0, 2000, 0, 0, 0, '', '', ''),
(6930, 626, '2019-04-05', 4, 2, 2000, 1, 10, 0, 'mchumo+wa+kwanza', '', ''),
(6931, 626, '2019-05-09', 4, 2, 2000, 1, 10, 0, 'mchumo+wa+tatu', '', ''),
(6932, 626, '2019-04-13', 4, 3, 3000, 1, 10, 0, 'mchumo+wa+pili', '', ''),
(6933, 626, '2019-05-17', 4, 2, 2000, 1, 10, 0, 'mchumo+wa+nne', '', ''),
(6934, 627, '2019-03-05', 1, 0, 3500, 0, 0, 0, '', '', ''),
(6935, 627, '2019-03-11', 2, 0, 2000, 0, 48, 0, '', '', ''),
(6936, 627, '2019-04-02', 9, 0, 2000, 0, 0, 0, '', '', ''),
(6937, 627, '2019-06-15', 4, 10, 12000, 1, 48, 0, '', '', ''),
(6938, 627, '2019-07-21', 4, 6, 4000, 1, 48, 0, '', '', ''),
(6939, 629, '2019-03-27', 1, 0, 10000, 0, 0, 0, '', '', ''),
(6940, 629, '2019-04-04', 6, 60, 6000, 8, 2, 0, '', '', ''),
(6941, 629, '2019-04-06', 2, 0, 5000, 0, 2, 0, '', '', ''),
(6942, 629, '2019-04-28', 9, 0, 10000, 0, 0, 0, '', '', ''),
(6943, 630, '2019-03-27', 1, 0, 10000, 0, 0, 0, '', '', ''),
(6944, 630, '2019-04-04', 6, 60, 6000, 1, 2, 0, '', '', ''),
(6945, 630, '2019-04-04', 15, 0, 5000, 0, 0, 0, '', '', ''),
(6946, 630, '2019-04-06', 2, 0, 5000, 0, 2, 0, '', '', ''),
(6947, 630, '2019-04-28', 9, 0, 10000, 0, 0, 0, '', '', ''),
(6948, 630, '2019-05-04', 7, 50, 1000, 1, 0, 11, '', '', ''),
(6949, 631, '2019-03-27', 1, 0, 10000, 0, 0, 0, '', '', ''),
(6950, 631, '2019-03-05', 6, 0.13, 1000, 1, 7, 0, '', '', ''),
(6951, 631, '2019-04-04', 6, 60, 6000, 8, 2, 0, '', '', ''),
(6952, 631, '2019-04-06', 2, 0, 5000, 0, 2, 0, '', '', ''),
(6953, 631, '2019-04-20', 2, 0, 500, 0, 7, 0, '', '', ''),
(6954, 631, '2019-04-28', 9, 0, 10000, 0, 0, 0, '', '', ''),
(6955, 628, '2019-03-11', 1, 0, 3500, 0, 0, 0, '', '', ''),
(6956, 628, '2019-03-11', 6, 0.05, 2000, 1, 48, 0, '', '', ''),
(6957, 628, '2018-04-07', 7, 2, 1000, 1, 0, 3, '', '', ''),
(6958, 628, '2019-04-07', 7, 0.12, 4000, 1, 0, 5, '', '', ''),
(6959, 628, '2019-03-05', 7, 50, 1000, 1, 0, 11, '', '', ''),
(6960, 628, '2019-03-11', 2, 0, 2000, 0, 48, 0, '', '', ''),
(6961, 628, '2019-04-02', 9, 0, 2000, 0, 0, 0, '', '', ''),
(6962, 628, '2019-05-15', 4, 15, 13000, 1, 48, 0, '', '', ''),
(6963, 628, '2019-07-21', 4, 10, 7000, 1, 48, 0, '', '', ''),
(6964, 624, '2019-08-18', 12, 0, 500, 0, 1, 0, '', '', ''),
(6965, 626, '2019-04-07', 7, 1, 2000, 1, 0, 1, '', '', ''),
(6966, 626, '2019-04-07', 7, 0.12, 4000, 1, 0, 5, '', '', ''),
(6967, 626, '2019-04-07', 7, 1, 250, 1, 0, 4, '', '', ''),
(6968, 626, '2019-03-03', 7, 50, 1000, 1, 0, 11, '', '', ''),
(6969, 624, '2019-04-12', 7, 0.03, 0, 1, 0, 2, '', '', ''),
(6970, 624, '2019-04-12', 7, 2, 0, 1, 0, 3, '', '', ''),
(6971, 624, '2019-04-12', 7, 1, 2000, 1, 0, 1, '', '', ''),
(6972, 624, '2019-04-12', 7, 0.12, 1500, 1, 0, 20, '', '', ''),
(6973, 624, '2019-04-12', 7, 1, 0, 1, 0, 7, '', '', ''),
(6974, 624, '2019-03-02', 7, 50, 1000, 1, 0, 11, '', '', ''),
(6975, 628, '2019-05-07', 7, 0.03, 0, 1, 0, 2, '', '', ''),
(6976, 628, '2019-05-07', 7, 1, 2000, 1, 0, 1, '', '', ''),
(6984, -294, '2019-09-11', 0, 0, 0, 0, 0, 0, '', '/img/img6984.jpg', '/snd/snd6984.mp3'),
(6991, -294, '2019-09-11', 0, 0, 0, 0, 0, 0, '', '/img/img6991.jpg', '/snd/snd6991.mp3'),
(7016, 543, '2019-07-15', 6, 25, 5000, 1, 31, 0, 'nimeanzakazi', '', ''),
(7017, -268, '2019-07-22', 1, 0, 5000, 0, 0, 0, 'naombamsaadawenunitakapohitaji', '', ''),
(7018, -268, '2019-08-02', 15, 0, 5000, 0, 0, 0, 'nikokwenyeutezajiwamboleayamboji', '', ''),
(7019, 585, '2019-08-22', 2, 0, 2000, 0, 31, 0, '', '', ''),
(7020, 585, '2019-08-22', 1, 0, 5000, 0, 0, 0, '', '', ''),
(7021, 585, '2019-09-11', 7, 2000, 1, 1, 0, 6, '', '', ''),
(7048, 267, '2019-09-14', 0, 0, 0, 0, 0, 0, '', '/img/img7048.jpg', '/snd/snd7048.mp3'),
(7055, 666, '2019-05-10', 1, 0, 25000, 0, 0, 0, '', '', ''),
(7056, 666, '2019-06-14', 6, 0.5, 3000, 1, 10, 0, 'bei+kubwa+mbegu+', '', ''),
(7057, 667, '2019-05-10', 1, 0, 30000, 0, 0, 0, '', '', ''),
(7058, 667, '2019-06-14', 6, 2500, 2000, 1, 10, 0, 'mbengu+bei+kubwa+', '', ''),
(7059, 667, '2019-07-14', 15, 0, 5000, 0, 0, 0, '', '', ''),
(7060, 667, '2019-05-11', 2, 0, 8000, 0, 10, 0, '', '', ''),
(7109, -52, '2019-02-12', 1, 0, 10000, 0, 0, 0, '', '', ''),
(7110, -52, '2019-05-14', 9, 0, 4000, 0, 0, 0, '', '', ''),
(7111, -52, '2019-02-12', 1, 0, 2500, 0, 0, 0, '', '', ''),
(7112, -52, '2019-01-05', 6, 30, 3000, 8, 2, 0, '', '', ''),
(7113, -52, '2019-01-05', 6, 0.4, 650, 1, 7, 0, '', '', ''),
(7114, -52, '2019-02-20', 2, 0, 1000, 0, 2, 0, '', '', ''),
(7115, -52, '2019-04-15', 2, 0, 500, 0, 7, 0, '', '', ''),
(7116, -52, '2019-04-28', 9, 0, 1000, 0, 0, 0, '', '', ''),
(7117, -52, '2019-04-26', 7, 0.25, 0, 1, 0, 3, '', '', ''),
(7118, -52, '2019-04-26', 7, 0.25, 0, 1, 0, 1, '', '', ''),
(7119, -52, '2019-04-26', 7, 0.2, 50, 1, 0, 4, '', '', ''),
(7120, -52, '2019-04-26', 7, 20, 0, 1, 0, 11, '', '', ''),
(7121, -52, '2019-02-12', 1, 0, 5000, 0, 0, 0, '', '', ''),
(7122, -52, '2019-02-11', 6, 60, 6000, 1, 2, 0, '', '', ''),
(7123, -52, '2019-02-20', 2, 0, 2000, 0, 2, 0, '', '', ''),
(7124, -52, '2019-04-20', 9, 0, 2000, 0, 0, 0, '', '', ''),
(7125, -52, '2019-08-13', 4, 1.5, 250, 1, 7, 0, '', '', ''),
(7126, -52, '2019-01-13', 6, 0.8, 1300, 1, 7, 0, '', '', ''),
(7127, -52, '2019-04-26', 7, 0.5, 0, 1, 0, 1, '', '', ''),
(7128, -52, '2019-04-26', 7, 0.5, 0, 1, 0, 3, '', '', ''),
(7129, -52, '2019-08-12', 4, 1.25, 200, 1, 7, 0, '', '', ''),
(7130, -52, '2019-02-12', 1, 0, 2500, 0, 0, 0, '', '', ''),
(7131, -52, '2019-02-20', 2, 0, 1000, 0, 2, 0, '', '', ''),
(7132, -52, '2019-01-05', 6, 30, 3000, 1, 2, 0, '', '', ''),
(7155, 387, '2019-05-19', 0, 0, 0, 0, 0, 0, '', '/img/img7155.jpg', '/snd/snd7155.mp3'),
(7156, 387, '2019-09-13', 0, 0, 0, 0, 0, 0, '', '/img/img7156.jpg', '/snd/snd7156.mp3'),
(7201, -182, '2019-05-18', 1, 0, 10000, 0, 0, 0, 'hakuna', '', ''),
(7202, 386, '2019-02-11', 1, 0, 20000, 0, 0, 0, 'gharama+kubwa', '', ''),
(7203, 387, '2019-03-20', 1, 0, 10000, 0, 0, 0, 'kusafisha+shamba', '', ''),
(7204, 387, '2019-09-13', 6, 1, 1000, 1, 1, 0, '', '', ''),
(7205, 387, '2019-04-17', 2, 0, 5000, 0, 1, 0, 'bei+nzur', '', ''),
(7206, 387, '2019-09-13', 6, 1.2, 1000, 1, 1, 0, 'mvua+nyingi', '', ''),
(7207, 387, '2019-05-01', 10, 0, 5000, 0, 1, 0, 'hakuna', '', ''),
(7208, 387, '2019-08-22', 11, 0, 1000, 0, 1, 0, 'mazao+kidogo', '', ''),
(7209, 387, '2019-09-13', 16, 0, 2800, 0, 0, 0, 'hakuna', '', ''),
(7210, 387, '2019-04-17', 2, 0, 5000, 0, 7, 0, 'hakuna', '', ''),
(7211, 387, '2019-09-13', 6, 1, 2000, 1, 7, 0, '', '', ''),
(7212, 387, '2019-09-13', 4, 1, 2000, 1, 7, 0, 'hakuna', '', ''),
(7213, 670, '2019-03-20', 1, 0, 5000, 0, 0, 0, 'hakuna', '', ''),
(7214, 670, '2019-09-14', 6, 0.25, 5000, 1, 1, 0, 'hakuna', '', ''),
(7215, 670, '2019-09-14', 6, 0.25, 750, 1, 7, 0, 'hakuna', '', ''),
(7216, 670, '2019-09-14', 7, 2, 2500, 1, 0, 3, '', '', ''),
(7217, 670, '2019-09-14', 6, 1, 1000, 1, 1, 0, 'hakuna', '', ''),
(7218, 670, '2019-05-01', 10, 0, 5000, 0, 1, 0, 'hakuna', '', ''),
(7219, 670, '2019-09-14', 4, 3, 1000, 1, 1, 0, 'mazao+kidogo', '', ''),
(7220, 670, '2019-09-14', 4, 0, 0, 1, 7, 0, 'mvua+ilizid', '', ''),
(7221, 670, '2019-09-14', 8, 0, 0, 1, 7, 0, 'mazao+ya+chakula', '', ''),
(7222, 670, '2019-09-14', 7, 0, 0, 1, 0, 10, 'hakuna', '', ''),
(7293, 358, '2019-09-13', 0, 0, 0, 0, 0, 0, '', '/img/img7293.jpg', '/snd/snd7293.mp3'),
(7294, 358, '2019-09-13', 0, 0, 0, 0, 0, 0, '', '/img/img7294.jpg', '/snd/snd7294.mp3'),
(7295, 359, '2019-09-13', 0, 0, 0, 0, 0, 0, '', '/img/img7295.jpg', '/snd/snd7295.mp3'),
(7296, 358, '2019-04-04', 2, 0, 2500, 0, 7, 0, '', '', ''),
(7297, 358, '2019-04-25', 2, 0, 2500, 0, 1, 0, '', '', ''),
(7298, 358, '2019-04-29', 7, 0.13, 1250, 1, 0, 5, '', '', ''),
(7299, 359, '2019-03-25', 1, 0, 2500, 0, 0, 0, '', '', ''),
(7300, 359, '2019-03-23', 6, 0.13, 300, 1, 7, 0, '', '', ''),
(7301, 359, '2019-04-04', 2, 0, 300, 0, 7, 0, '', '', ''),
(7302, 359, '2019-04-23', 6, 0.5, 500, 1, 1, 0, '', '', ''),
(7303, 359, '2019-04-23', 2, 0, 2500, 0, 1, 0, '', '', ''),
(7304, 359, '2019-04-23', 6, 5, 300, 8, 2, 0, '', '', ''),
(7305, 359, '2019-04-23', 2, 0, 2500, 0, 2, 0, '', '', ''),
(7306, 359, '2019-04-29', 7, 0.13, 1250, 1, 0, 5, '', '', ''),
(7307, 358, '2019-06-15', 4, 2, 1000, 1, 7, 0, 'nilimpa+mvunaj', '', ''),
(7308, 358, '2019-07-25', 4, 5, 500, 1, 1, 0, 'nilimpa+alienivunia+nilipukuxhua+mwenyewe', '', ''),
(7309, 359, '2019-05-30', 9, 0, 3000, 0, 0, 0, 'nilimpa+mtu+wa+kupalilia', '', ''),
(7310, 358, '2019-05-30', 9, 0, 3000, 0, 0, 0, 'nllimpa+paliz', '', ''),
(7311, 359, '2019-07-25', 4, 1, 500, 2, 1, 0, 'nilimoa+mtu', '', ''),
(7312, 359, '2019-09-14', 4, 5, 1000, 1, 7, 0, 'nililipa+alievuna', '', ''),
(7313, 359, '2019-09-14', 4, 0, 0, 1, 2, 0, 'sikupata+sababu+ililiwa+na+mchwa+na+ukakauka', '', ''),
(7314, 358, '2019-03-25', 1, 0, 250, 0, 0, 0, 'niliandaa+shamba', '', ''),
(7324, -173, '2009-03-03', 1, 0, 45000, 0, 0, 0, 'kukodi', '', ''),
(7325, -173, '2009-03-10', 1, 0, 45000, 0, 0, 0, 'kulima+kwa+trekta', '', ''),
(7326, -173, '2009-03-10', 1, 0, 30000, 0, 0, 0, 'kupanda+kwa+kamba', '', ''),
(7327, -173, '2009-03-31', 9, 0, 20000, 0, 0, 0, 'nilimpa+mtu+wa+kupalilia', '', ''),
(7328, -173, '2009-03-03', 15, 0, 10000, 0, 0, 0, 'nilinunua+mbegu+ya+mahindi', '', ''),
(7329, 377, '2019-03-30', 1, 0, 90000, 0, 0, 0, 'kukodi+na+kulima', '', ''),
(7330, 377, '2019-04-01', 2, 0, 30000, 0, 1, 0, 'kupanda+kwa+kamba', '', ''),
(7331, 377, '2019-05-30', 6, 10, 5000, 1, 1, 0, 'mbegu', '', ''),
(7332, 377, '2019-04-20', 9, 0, 20000, 0, 0, 0, 'nilimpa+mtu+wa+kupalulia', '', ''),
(7532, 168, '2019-03-12', 14, 0, 90000, 0, 0, 0, '', '', ''),
(7533, 168, '2019-03-12', 2, 0, 60000, 0, 1, 0, '', '', ''),
(7534, 168, '2019-03-12', 9, 0, 60000, 0, 0, 0, '', '', ''),
(7535, 173, '2019-05-10', 6, 60, 45000, 1, 1, 0, 'mwaka+huu+nimugumu+nimepanda+marambili+nikapaliliyamaratatu+ili+tupunguze+garama+tuhifadhini+beguzetu+wenyewe', '', ''),
(7536, 173, '2019-05-11', 14, 0, 90000, 0, 0, 0, '', '', ''),
(7537, 173, '2019-05-11', 2, 0, 20000, 0, 1, 0, 'nilipandamarakwanza+kwa+sh+60000+marayapili+nikapanda+kwa+sh40000', '', ''),
(7538, 173, '2019-05-11', 9, 0, 30000, 0, 0, 0, 'mara+mbili+kwa+bei+ya+sh60000+', '', ''),
(7539, 175, '2019-05-18', 9, 0, 1500, 0, 0, 0, 'Palizi+ya+pili', '', ''),
(7540, 174, '2019-05-18', 9, 0, 3000, 0, 0, 0, 'changamoto+ni+wadudu+namaji+ijaa+shambani+mbaka+masaoyanabadilika+rangi', '', ''),
(7541, 175, '2019-01-28', 1, 0, 2900, 0, 0, 0, '', '', ''),
(7542, 175, '2019-01-15', 6, 0.25, 250, 1, 1, 0, '', '', ''),
(7543, 175, '2019-03-06', 2, 0, 1250, 0, 1, 0, '', '', ''),
(7544, 175, '2019-04-08', 9, 0, 1500, 0, 0, 0, 'Palizi+ya+kwanza', '', ''),
(7545, 175, '2019-04-10', 2, 0, 1250, 0, 1, 0, 'kurudia+kupanda', '', ''),
(7546, 174, '2019-01-28', 1, 0, 2900, 0, 0, 0, '', '', ''),
(7547, 174, '2019-01-15', 6, 0.25, 250, 1, 1, 0, '', '', ''),
(7548, 174, '2019-01-15', 6, 0.13, 250, 1, 7, 0, '', '', ''),
(7549, 174, '2019-03-06', 2, 0, 1250, 0, 1, 0, '', '', ''),
(7550, 174, '2019-03-06', 2, 0, 500, 0, 7, 0, '', '', ''),
(7551, 174, '2019-04-08', 9, 0, 1500, 0, 0, 0, 'Palizi+ya+kwanza', '', ''),
(7552, 174, '2019-04-10', 2, 0, 1250, 0, 1, 0, 'Kurudia+kupanda', '', ''),
(7553, 174, '2019-05-18', 9, 0, 1500, 0, 0, 0, 'Palizi+ya+pili', '', ''),
(7554, 174, '2019-08-18', 4, 7.9, 1250, 1, 1, 0, '', '', ''),
(7555, 174, '2019-08-22', 4, 3, 500, 1, 7, 0, '', '', ''),
(7556, 174, '2019-04-20', 7, 0.5, 0, 1, 0, 3, '', '', ''),
(7557, 174, '2019-04-20', 7, 0.3, 670, 1, 0, 1, '', '', ''),
(7558, 174, '2019-03-06', 7, 40, 0, 1, 0, 11, '', '', ''),
(7559, 177, '2019-09-05', 6, 0.25, 1250, 1, 1, 0, '', '', ''),
(7560, 177, '2019-01-20', 1, 0, 2900, 0, 0, 0, '', '', ''),
(7561, 177, '2019-03-06', 2, 0, 500, 0, 1, 0, '', '', ''),
(7562, 177, '2019-09-08', 9, 0, 1500, 0, 0, 0, 'palisi+ya+kwanza', '', ''),
(7563, 177, '2019-05-10', 9, 0, 1500, 0, 0, 0, 'kurudiya+palisi+n', '', ''),
(7564, 177, '2019-04-20', 5, 2, 2000, 1, 0, 1, '', '', ''),
(7565, 177, '2019-08-18', 4, 10, 1500, 1, 1, 0, '', '', ''),
(7566, 173, '2019-09-13', 4, 120, 10000, 1, 1, 0, '', '', ''),
(7567, 176, '2019-03-06', 2, 0, 1250, 0, 1, 0, '', '', ''),
(7568, 176, '2019-01-28', 1, 0, 2900, 0, 0, 0, '', '', ''),
(7569, 176, '2019-04-08', 9, 0, 1500, 0, 0, 0, 'palizi+yakwanza', '', ''),
(7570, 176, '2019-05-18', 9, 0, 1500, 0, 0, 0, 'palizi+yapili', '', ''),
(7571, 176, '2019-01-15', 6, 0.25, 250, 1, 1, 0, '', '', ''),
(7572, 176, '2019-01-15', 6, 0.13, 250, 1, 7, 0, '', '', ''),
(7573, 176, '2019-03-06', 2, 0, 1250, 0, 7, 0, '', '', ''),
(7574, 176, '2019-09-14', 4, 6.6, 1000, 1, 1, 0, '', '', ''),
(7597, -322, '2019-05-22', 1, 0, 35000, 0, 0, 0, '', '', ''),
(7598, -322, '2019-05-22', 9, 0, 20000, 0, 0, 0, '', '', ''),
(7599, 684, '2019-06-03', 10, 0, 3000, 0, 4, 0, 'kupongolea+mapema', '', ''),
(7600, -322, '2012-01-05', 15, 0, 6000, 0, 0, 0, '', '', ''),
(7601, 684, '2012-01-05', 2, 0, 15000, 0, 4, 0, '', '', ''),
(7602, 684, '2012-01-05', 7, 0.5, 6000, 1, 0, 5, '', '', ''),
(7603, 684, '2011-11-16', 6, 0.2, 3500, 1, 4, 0, '', '', ''),
(7604, 685, '2019-01-15', 1, 0, 2000, 0, 0, 0, '', '', ''),
(7605, 685, '2019-02-12', 6, 0.2, 300, 1, 4, 0, '', '', ''),
(7606, 685, '2019-04-22', 2, 0, 500, 0, 4, 0, '', '', ''),
(7607, 685, '2019-05-13', 9, 0, 1000, 0, 0, 0, '', '', ''),
(7608, 685, '2019-05-21', 10, 0, 1000, 0, 4, 0, '.', '', ''),
(7609, 686, '2019-01-15', 1, 0, 2000, 0, 0, 0, '', '', ''),
(7610, 686, '2019-02-12', 6, 0.2, 300, 1, 4, 0, '', '', ''),
(7611, 686, '2019-04-22', 2, 0, 500, 0, 4, 0, '', '', ''),
(7612, 686, '2019-05-13', 9, 0, 1000, 0, 0, 0, '', '', ''),
(7613, 686, '2019-05-21', 10, 0, 1000, 0, 4, 0, '', '', ''),
(7614, 687, '2019-01-15', 1, 0, 2000, 0, 0, 0, '', '', ''),
(7615, 687, '2019-02-14', 6, 0.2, 300, 1, 4, 0, '', '', ''),
(7616, 687, '2019-04-22', 2, 0, 500, 0, 4, 0, '', '', ''),
(7617, 687, '2019-05-13', 9, 0, 1000, 0, 0, 0, '', '', ''),
(7618, 687, '2019-05-21', 10, 0, 1000, 0, 4, 0, '', '', ''),
(7622, 48, '2019-02-05', 1, 0, 20000, 0, 0, 0, '', '', ''),
(7623, 48, '2019-02-05', 2, 0, 30000, 0, 1, 0, '', '', ''),
(7624, 48, '2019-02-05', 9, 0, 30000, 0, 0, 0, '', '', ''),
(7664, 671, '2019-02-08', 1, 0, 5833, 0, 0, 0, '', '', ''),
(7665, 671, '2019-02-14', 6, 0.5, 3000, 1, 1, 0, '', '', ''),
(7666, 671, '2019-03-08', 2, 0, 5000, 0, 1, 0, '', '', ''),
(7667, 671, '2019-04-12', 9, 0, 5100, 0, 0, 0, 'palizi+ya+kwanza', '', ''),
(7668, 671, '2019-05-03', 9, 0, 2833, 0, 0, 0, 'palizi+ya+pili', '', ''),
(7669, 671, '2019-08-03', 4, 40, 1200, 1, 1, 0, '', '', ''),
(7670, 671, '2019-08-03', 12, 0, 600, 0, 1, 0, '', '', ''),
(7671, 671, '2019-08-16', 15, 0, 400, 0, 0, 0, '', '', ''),
(7672, 671, '2019-08-17', 8, 40, 20000, 1, 1, 0, '', '', ''),
(7673, 672, '2019-02-08', 1, 0, 5833, 0, 0, 0, '', '', ''),
(7674, 672, '2019-02-14', 6, 0.5, 3000, 1, 1, 0, '', '', ''),
(7675, 672, '2019-02-14', 6, 0.13, 750, 1, 26, 0, '', '', ''),
(7676, 672, '2019-02-16', 7, 80, 3000, 1, 0, 11, 'Samadi+ya+ng%27ombe', '', ''),
(7677, 672, '2019-03-08', 2, 0, 4000, 0, 1, 0, '', '', ''),
(7678, 672, '2019-03-08', 2, 0, 1000, 0, 26, 0, '', '', ''),
(7679, 672, '2019-04-13', 9, 0, 5000, 0, 0, 0, 'Palizi+ya+kwanza', '', ''),
(7680, 672, '2019-03-22', 7, 1, 1500, 1, 0, 2, '', '', ''),
(7681, 672, '2019-03-22', 7, 0.5, 2000, 1, 0, 3, '', '', ''),
(7682, 672, '2019-03-22', 7, 1, 1000, 1, 0, 1, '', '', ''),
(7683, 672, '2019-05-03', 9, 0, 2833, 0, 0, 0, 'palizi+ya+pili', '', ''),
(7684, 672, '2019-08-03', 4, 60, 2800, 1, 1, 0, '', '', ''),
(7685, 672, '2019-08-03', 12, 0, 1400, 0, 1, 0, '', '', ''),
(7686, 672, '2019-08-16', 15, 0, 600, 0, 0, 0, '', '', ''),
(7687, 672, '2019-08-17', 8, 60, 30000, 1, 1, 0, '', '', ''),
(7688, 673, '2019-02-08', 1, 0, 5833, 0, 0, 0, '', '', ''),
(7689, 673, '2019-02-14', 6, 0.5, 3000, 1, 1, 0, '', '', ''),
(7690, 673, '2019-02-14', 6, 0.13, 750, 1, 26, 0, '', '', ''),
(7691, 673, '2019-02-16', 7, 60, 2000, 1, 0, 11, 'Samadi+ya+kuku', '', ''),
(7692, 673, '2019-03-09', 2, 0, 4000, 0, 1, 0, '', '', ''),
(7693, 673, '2019-03-09', 2, 0, 1000, 0, 26, 0, '', '', ''),
(7694, 673, '2019-04-14', 9, 0, 5000, 0, 0, 0, 'Palizi+ya+kwanza', '', ''),
(7695, 673, '2019-03-22', 7, 1, 1500, 1, 0, 2, '', '', ''),
(7696, 673, '2019-03-14', 7, 0.5, 2000, 1, 0, 3, '', '', ''),
(7697, 673, '2019-03-14', 7, 1, 1000, 1, 0, 1, '', '', ''),
(7698, 673, '2019-05-04', 9, 0, 2833, 0, 0, 0, 'palizi+ya+pili', '', ''),
(7699, 673, '2019-08-03', 4, 100, 4000, 1, 1, 0, '', '', ''),
(7700, 673, '2019-08-03', 12, 0, 2000, 0, 1, 0, '', '', ''),
(7701, 673, '2019-08-17', 15, 0, 1000, 0, 0, 0, '', '', ''),
(7702, 673, '2019-08-17', 8, 100, 50000, 1, 1, 0, '', '', ''),
(7703, 247, '2019-01-20', 1, 0, 3750, 0, 0, 0, 'bei+nzuri+', '', ''),
(7704, 247, '2019-02-10', 6, 8, 750, 8, 2, 0, 'bei+nzuri', '', ''),
(7705, 247, '2019-02-10', 2, 0, 3000, 0, 2, 0, 'bei+nzuri+', '', ''),
(7706, 247, '2019-04-10', 9, 0, 2000, 0, 0, 0, 'Palizi+ya+kwanza', '', ''),
(7707, 247, '2019-05-10', 9, 0, 1000, 0, 0, 0, 'Palizi+ya+pili', '', ''),
(7708, 248, '2019-01-20', 1, 0, 3750, 0, 0, 0, 'bei+nzuri', '', ''),
(7709, 248, '2019-02-10', 6, 8, 750, 8, 2, 0, 'bei+nzuri', '', ''),
(7710, 248, '2019-02-10', 2, 0, 3000, 0, 2, 0, 'bei+nzuri', '', ''),
(7711, 248, '2019-04-10', 9, 0, 2000, 0, 0, 0, 'Palizi+ya+kwanza', '', ''),
(7712, 248, '2019-05-10', 9, 0, 1000, 0, 0, 0, 'Palizi+ya+pili+', '', ''),
(7713, 249, '2019-01-20', 1, 0, 3750, 0, 0, 0, '', '', ''),
(7714, 249, '2019-02-10', 6, 8, 750, 8, 2, 0, '', '', ''),
(7715, 249, '2019-02-10', 2, 0, 3000, 0, 2, 0, '', '', ''),
(7716, 249, '2019-04-10', 9, 0, 2000, 0, 0, 0, 'Palizi+ya+kwanza+', '', ''),
(7717, 249, '2019-05-10', 9, 0, 1000, 0, 0, 0, 'Palizi+ya+pili+', '', ''),
(7718, 250, '2019-01-20', 1, 0, 3750, 0, 0, 0, '', '', ''),
(7719, 250, '2019-02-10', 6, 8, 750, 8, 2, 0, '', '', ''),
(7720, 250, '2019-02-10', 2, 0, 3000, 0, 2, 0, '', '', ''),
(7721, 250, '2019-04-10', 9, 0, 2000, 0, 0, 0, 'Palizi+ya+kwanza+', '', ''),
(7722, 250, '2019-05-10', 9, 0, 1000, 0, 0, 0, 'Palizi+ya+pili+', '', ''),
(7723, 250, '2019-01-30', 7, 4, 4000, 2, 0, 11, 'bei+nzuri', '', ''),
(7724, 249, '2019-04-15', 7, 5, 0, 1, 0, 10, '', '', ''),
(7725, -93, '2019-03-28', 1, 0, 3500, 0, 0, 0, '', '', ''),
(7726, -93, '2019-04-02', 6, 0.25, 1500, 1, 1, 0, '', '', ''),
(7727, -93, '2019-04-02', 2, 0, 3000, 0, 1, 0, '', '', ''),
(7728, -93, '2019-04-14', 9, 0, 4000, 0, 0, 0, '', '', ''),
(7729, -93, '2019-05-03', 6, 0.25, 250, 1, 7, 0, '', '', ''),
(7730, -93, '2019-05-03', 2, 0, 1000, 0, 7, 0, '', '', ''),
(7731, -93, '2019-03-28', 1, 0, 3500, 0, 0, 0, '', '', ''),
(7732, -93, '2019-04-02', 6, 0.25, 1500, 1, 1, 0, '', '', ''),
(7733, -93, '2019-04-02', 2, 0, 3000, 0, 1, 0, '', '', ''),
(7734, -93, '2019-03-28', 7, 50, 1000, 1, 0, 11, '', '', ''),
(7735, -93, '2019-04-14', 9, 0, 4000, 0, 0, 0, '', '', ''),
(7736, -93, '2019-03-28', 1, 0, 3500, 0, 0, 0, '', '', ''),
(7737, -93, '2019-03-11', 6, 0.05, 2000, 1, 48, 0, '', '', ''),
(7738, -93, '2019-03-11', 2, 0, 2000, 0, 48, 0, '', '', ''),
(7739, -93, '2019-04-02', 9, 0, 2000, 0, 0, 0, '', '', ''),
(7740, -93, '2019-03-28', 1, 0, 3500, 0, 0, 0, '', '', ''),
(7741, -93, '2019-03-11', 6, 0.05, 2000, 1, 48, 0, '', '', ''),
(7742, -93, '2019-03-11', 2, 0, 2000, 0, 48, 0, '', '', ''),
(7743, -93, '2019-04-02', 9, 0, 2000, 0, 0, 0, '', '', ''),
(7744, -93, '2019-03-10', 7, 5, 200, 1, 0, 11, '', '', ''),
(7745, -93, '2019-03-28', 1, 0, 3500, 0, 0, 0, '', '', ''),
(7746, -93, '2019-03-08', 6, 0.13, 2000, 1, 10, 0, '', '', ''),
(7747, -93, '2019-03-09', 2, 0, 2000, 0, 10, 0, '', '', ''),
(7748, -93, '2019-04-02', 9, 0, 2000, 0, 0, 0, '', '', ''),
(7749, -93, '2019-03-28', 1, 0, 3500, 0, 0, 0, '', '', ''),
(7750, -93, '2019-03-08', 6, 0.13, 2000, 1, 10, 0, '', '', ''),
(7751, -93, '2019-03-09', 2, 0, 2000, 0, 10, 0, '', '', ''),
(7752, -93, '2019-04-02', 9, 0, 2000, 0, 0, 0, '', '', ''),
(7753, -93, '2019-03-07', 7, 5, 200, 1, 0, 11, '', '', ''),
(7754, -93, '2019-03-15', 7, 2, 2000, 1, 0, 1, '', '', ''),
(7755, -93, '2019-03-27', 1, 0, 10000, 0, 0, 0, '', '', ''),
(7756, -93, '2019-04-04', 6, 60, 6000, 8, 2, 0, '', '', ''),
(7757, -93, '2019-04-06', 2, 0, 5000, 0, 2, 0, '', '', ''),
(7758, -93, '2019-04-28', 9, 0, 10000, 0, 0, 0, '', '', ''),
(7759, -93, '2019-03-27', 1, 0, 10000, 0, 0, 0, '', '', ''),
(7760, -93, '2019-04-04', 6, 60, 6000, 8, 2, 0, '', '', ''),
(7761, -93, '2019-04-06', 2, 0, 5000, 0, 2, 0, '', '', ''),
(7762, -93, '2019-04-28', 9, 0, 10000, 0, 0, 0, '', '', ''),
(7763, -93, '2019-05-04', 7, 50, 1000, 1, 0, 11, '', '', ''),
(7764, -93, '2019-04-04', 15, 0, 5000, 0, 0, 0, '', '', ''),
(7765, -93, '2019-03-27', 1, 0, 10000, 0, 0, 0, '', '', ''),
(7766, -93, '2019-04-04', 6, 60, 6000, 8, 2, 0, '', '', ''),
(7767, -93, '2019-04-06', 2, 0, 5000, 0, 2, 0, '', '', ''),
(7768, -93, '2019-04-28', 9, 0, 10000, 0, 0, 0, '', '', ''),
(7769, -93, '2019-03-05', 6, 0.13, 1000, 1, 7, 0, '', '', ''),
(7839, 268, '2019-09-07', 6, 1, 95000, 5, 17, 0, 'bei+nafuu', '', ''),
(7840, 268, '2019-09-07', 8, 95, 1000, 1, 17, 0, 'bei+nzuri', '', ''),
(7841, 268, '2019-09-07', 2, 0, 8000, 0, 17, 0, '', '', ''),
(7842, 268, '2019-09-07', 0, 0, 0, 0, 0, 0, '', '/img/img7842.jpg', '/snd/snd7842.mp3'),
(7843, 268, '2019-09-07', 0, 0, 0, 0, 0, 0, '', '/img/img7843.jpg', '/snd/snd7843.mp3'),
(7844, 268, '2019-09-07', 0, 0, 0, 0, 0, 0, '', '/img/img7844.jpg', '/snd/snd7844.mp3'),
(7845, 268, '2019-09-07', 0, 0, 0, 0, 0, 0, '', '/img/img7845.jpg', '/snd/snd7845.mp3'),
(7846, 455, '2019-07-14', 7, 20, 2000, 1, 0, 11, '', '', ''),
(7847, 455, '2019-09-14', 6, 0.25, 1000, 1, 7, 0, '', '', ''),
(7848, 455, '2019-09-14', 0, 0, 0, 0, 0, 0, '', '/img/img7848.jpg', '/snd/snd7848.mp3'),
(7849, 351, '2019-02-23', 1, 0, 10000, 0, 0, 0, '', '', ''),
(7850, 351, '2019-02-23', 6, 1, 1000, 1, 1, 0, '', '', ''),
(7851, 352, '2019-02-23', 1, 0, 10000, 0, 0, 0, '', '', ''),
(7852, 352, '2019-02-23', 6, 1, 1000, 1, 1, 0, '', '', ''),
(7853, 351, '2019-03-03', 2, 0, 5000, 0, 1, 0, 'mvua+ilichelewa+kunyesha', '', ''),
(7854, 352, '2019-03-03', 2, 0, 5000, 0, 1, 0, 'mvua+ilichelewa+kunyesha', '', ''),
(7855, 351, '2019-04-04', 9, 0, 5000, 0, 0, 0, 'Palizi+ya+kwanza', '', ''),
(7856, 352, '2019-04-04', 9, 0, 5000, 0, 0, 0, 'Palizi+ya+kwanza', '', ''),
(7857, 352, '2019-04-07', 7, 12, 6000, 5, 0, 10, '', '', ''),
(7858, 352, '2019-04-21', 7, 10, 1000, 7, 0, 3, '', '', ''),
(7859, 352, '2019-04-21', 7, 0.02, 200, 1, 0, 5, '', '', ''),
(7860, 352, '2019-04-21', 7, 1, 500, 1, 0, 1, '', '', ''),
(7861, 352, '2019-05-06', 9, 0, 3000, 0, 0, 0, '', '', ''),
(7862, 351, '2019-05-07', 9, 0, 3000, 0, 0, 0, 'palizi+ya+pili', '', ''),
(7863, 351, '2019-08-05', 4, 4.05, 1000, 2, 1, 0, '', '', ''),
(7864, 352, '2019-08-06', 4, 3, 1000, 1, 1, 0, 'mahindi+ayajastawi+vizur+kwa+sababu+mvua+kuchelewa+kunyesha+na+kukata+mapema', '', ''),
(7865, -158, '2019-09-10', 8, 18, 12000, 1, 1, 0, '', '', ''),
(7866, -9, '2019-02-05', 15, 0, 52800, 0, 0, 0, 'mavuno+hafifu', '', ''),
(7867, 26, '2019-02-05', 6, 5, 50000, 1, 1, 0, 'mbegu+ipunguzwe+bei', '', ''),
(7868, 25, '2019-02-05', 6, 5, 50000, 1, 1, 0, '', '', ''),
(7869, 25, '2019-02-05', 14, 0, 2000, 0, 0, 0, 'usalama+mdogo+wa+mfuko+wa+mbegu+kwa+mteja', '', ''),
(7870, 25, '2019-02-05', 2, 0, 30000, 0, 1, 0, '', '', ''),
(7871, 25, '2019-02-05', 1, 0, 40000, 0, 0, 0, '', '', ''),
(7872, 25, '2019-02-05', 11, 0, 20000, 0, 1, 0, '', '', ''),
(7873, -302, '2019-07-04', 14, 0, 2000, 0, 0, 0, 'mbog', '', ''),
(7874, -302, '2019-09-04', 13, 0, 2000, 0, 0, 0, 'beila', '', ''),
(7875, -303, '2019-09-04', 16, 0, 6000, 0, 0, 0, 'mbogaz+amaboga', '', ''),
(7876, 600, '2019-09-04', 9, 0, 15000, 0, 0, 0, 'mboga+zamaboga', '', ''),
(7877, 601, '2019-07-13', 11, 0, 265, 0, 26, 0, 'tenga.+', '', ''),
(7878, -302, '2019-09-04', 15, 0, 12000, 0, 0, 0, 'beila', '', ''),
(7879, -302, '2019-09-04', 15, 0, 22000, 0, 0, 0, 'beilaKupalia', '', ''),
(7880, -304, '2019-09-11', 9, 0, 31500, 0, 0, 0, 'ibeila', '', ''),
(7881, -304, '2019-09-12', 1, 0, 25000, 0, 0, 0, 'Mama_+palizi', '', ''),
(7882, -304, '2019-09-12', 9, 0, 2500, 0, 0, 0, 'maboga%2C', '', ''),
(7883, -304, '2019-09-12', 0, 0, 0, 0, 0, 0, '', '/img/img7883.jpg', '/snd/snd7883.mp3'),
(7884, -304, '2019-09-12', 0, 0, 0, 0, 0, 0, '', '/img/img7884.jpg', '/snd/snd7884.mp3'),
(7885, -304, '2019-09-12', 0, 0, 0, 0, 0, 0, '', '/img/img7885.jpg', '/snd/snd7885.mp3'),
(7919, 520, '2019-09-10', 0, 0, 0, 0, 0, 0, '', '/img/img7919.jpg', '/snd/snd7919.mp3'),
(7934, -1, '2019-09-15', 0, 0, 0, 0, 0, 0, '', '/img/img7934.jpg', '/snd/snd7934.mp3'),
(7935, -1, '2019-09-15', 0, 0, 0, 0, 0, 0, '', '/img/img7935.jpg', '/snd/snd7935.mp3'),
(7947, 520, '2019-09-10', 0, 0, 0, 0, 0, 0, '', '/img/img7947.jpg', '/snd/snd7947.mp3'),
(7955, -1, '2019-09-15', 0, 0, 0, 0, 0, 0, '', '/img/img7955.jpg', '/snd/snd7955.mp3'),
(7956, -1, '2019-09-15', 0, 0, 0, 0, 0, 0, '', '/img/img7956.jpg', '/snd/snd7956.mp3'),
(7971, 1, '2019-05-23', 6, 6, 18000, 1, 2, 0, 'mkuranga+wani', '', ''),
(7972, 1, '2018-08-08', 1, 0, 7500, 0, 0, 0, '', '', ''),
(7973, 1, '2018-08-10', 2, 0, 3000, 0, 2, 0, '', '', ''),
(7974, 1, '2018-08-15', 9, 0, 6000, 0, 0, 0, '', '', ''),
(7975, 1, '2018-09-10', 7, 4, 4000, 2, 0, 11, 'mbolea+asili', '', ''),
(7976, 1, '2018-09-16', 7, 13, 16000, 5, 0, 10, '+mazuri+matandazo', '', ''),
(7977, 1, '2018-09-16', 5, 13, 13000, 6, 0, 10, 'matandazo+bora', '', ''),
(7978, -253, '2019-07-24', 14, 0, 100000, 0, 0, 0, '', '', ''),
(7979, 518, '2019-07-24', 2, 0, 25000, 0, 8, 0, 'tabiya.++nchi', '', ''),
(7980, 517, '2019-07-24', 1, 0, 70000, 0, 0, 0, 'kukata.+kwa.+fuwa++upesi', '', ''),
(7981, -255, '2019-07-24', 15, 0, 10000, 0, 0, 0, 'vuwa+++kakata.++upesi', '', ''),
(7982, 521, '2019-07-24', 6, 40, 6000, 1, 8, 0, 'ukame', '', ''),
(7983, 521, '2019-07-24', 15, 0, 90000, 0, 0, 0, 'ukame.+mboleya.+imesaidiya', '', ''),
(7984, 520, '2019-07-24', 6, 52, 85000, 1, 8, 0, 'ukame.+wa.++vuwa.+kakata.++upes', '', ''),
(7985, 520, '2019-07-25', 14, 0, 6000, 0, 0, 0, 'jembe+++la++mko++vibaluwa', '', ''),
(7986, 521, '2019-07-25', 8, 1, 13000, 2, 8, 0, 'safi', '', ''),
(7987, -255, '2019-08-14', 16, 0, 100000, 0, 0, 0, 'nimeuza+++kiasi.+viloba++vitatu+++3', '', ''),
(7988, -255, '2019-08-14', 16, 0, 100000, 0, 0, 0, 'nimeiza.++mpunga.+++viloba++3', '', ''),
(7989, 392, '2019-02-08', 9, 0, 10000, 0, 0, 0, '', '', ''),
(7990, -187, '2018-10-23', 1, 0, 150000, 0, 0, 0, 'mkono', '', ''),
(7991, 393, '2019-02-08', 6, 1, 5000, 2, 8, 0, 'mbawambili', '', ''),
(7992, 395, '2019-02-08', 6, 0.5, 2500, 2, 8, 0, 'mpungs+++kampe', '', ''),
(7993, 394, '2019-02-08', 6, 0.5, 2500, 2, 8, 0, 'kihogo', '', ''),
(7994, -187, '2019-03-17', 1, 0, 250000, 0, 0, 0, 'huduziwe+++nziwenzuli', '', ''),
(7995, 394, '2018-11-25', 1, 0, 20000, 0, 0, 0, '', '', ''),
(7996, 393, '2019-03-18', 2, 0, 30000, 0, 8, 0, 'kupanda', '', ''),
(7997, 391, '2019-04-24', 15, 0, 3500, 0, 0, 0, 'usafi', '', ''),
(7998, 394, '2019-03-14', 9, 0, 15000, 0, 0, 0, '', '', ''),
(7999, 395, '2018-11-27', 1, 0, 20000, 0, 0, 0, '', '', ''),
(8000, 395, '2019-03-19', 9, 0, 15000, 0, 0, 0, '', '', ''),
(8001, 395, '2019-02-15', 7, 150, 8000, 1, 0, 11, '', '', ''),
(8002, 393, '2018-11-10', 1, 0, 40000, 0, 0, 0, '', '', ''),
(8003, 393, '2018-10-15', 7, 30, 4000, 1, 0, 12, '', '', ''),
(8004, 393, '2019-04-02', 9, 0, 30000, 0, 0, 0, '', '', ''),
(8005, 394, '2019-02-18', 2, 0, 10000, 0, 8, 0, '', '', ''),
(8006, 393, '2019-05-05', 5, 30, 4000, 1, 0, 12, '', '', ''),
(8007, 393, '2019-09-02', 8, 45, 30000, 1, 8, 0, '', '', ''),
(8008, 394, '2019-07-23', 4, 150, 10000, 1, 8, 0, '', '', ''),
(8009, 395, '2019-07-26', 4, 187, 10000, 1, 8, 0, '', '', ''),
(8010, 393, '2019-07-30', 4, 300, 30000, 1, 8, 0, '', '', ''),
(8011, 395, '2019-02-20', 2, 0, 10000, 0, 8, 0, '', '', '');

-- --------------------------------------------------------

--
-- Table structure for table `plot`
--

CREATE TABLE IF NOT EXISTS `plot` (
  `plot_id` int(10) unsigned NOT NULL,
  `internal_plot_id` int(10) unsigned NOT NULL,
  `farm_id` int(10) unsigned NOT NULL,
  `plot_x` int(10) unsigned NOT NULL,
  `plot_y` int(10) unsigned NOT NULL,
  `plot_w` int(10) unsigned NOT NULL,
  `plot_h` int(10) unsigned NOT NULL,
  `plot_size` float NOT NULL
) ENGINE=InnoDB AUTO_INCREMENT=690 DEFAULT CHARSET=utf8;

--
-- Dumping data for table `plot`
--

INSERT INTO `plot` (`plot_id`, `internal_plot_id`, `farm_id`, `plot_x`, `plot_y`, `plot_w`, `plot_h`, `plot_size`) VALUES
(1, 0, 1, 0, 0, 2, 2, 0.0625),
(2, 1, 1, 2, 0, 2, 2, 0.25),
(3, 2, 1, 0, 2, 2, 2, 0.25),
(4, 3, 1, 2, 2, 2, 2, 0.25),
(22, 0, 8, 0, 0, 1, 1, 0),
(23, 0, 9, 0, 0, 1, 3, 0.19),
(24, 1, 9, 1, 0, 1, 3, 0.19),
(25, 2, 9, 2, 0, 1, 3, 0.19),
(26, 3, 9, 3, 0, 1, 3, 0.19),
(32, 0, 11, 0, 0, 2, 1, 0.13),
(33, 1, 11, 2, 0, 1, 1, 0.06),
(34, 2, 11, 3, 0, 1, 1, 0.06),
(44, 1, 15, 0, 0, 2, 2, 1),
(45, 2, 15, 2, 0, 2, 2, 1),
(46, 0, 16, 0, 0, 2, 2, 0),
(47, 1, 16, 2, 2, 2, 2, 0),
(48, 0, 17, 0, 0, 2, 2, 0),
(49, 1, 17, 0, 2, 2, 1, 0),
(72, 0, 26, 0, 0, 1, 1, 0.25),
(73, 1, 26, 1, 0, 1, 1, 0.25),
(74, 2, 26, 2, 0, 1, 1, 0.25),
(75, 3, 26, 3, 0, 1, 1, 0.25),
(76, 0, 27, 0, 0, 1, 1, 0),
(79, 0, 30, 0, 0, 3, 3, 0),
(80, 1, 30, 3, 0, 1, 2, 0),
(81, 2, 30, 3, 2, 1, 1, 0),
(93, 0, 34, 0, 0, 2, 2, 0),
(94, 1, 34, 2, 0, 1, 2, 0),
(95, 2, 34, 3, 0, 1, 2, 0),
(96, 3, 34, 0, 2, 2, 1, 0),
(97, 0, 35, 0, 0, 4, 4, 0),
(101, 0, 37, 0, 0, 1, 1, 0),
(102, 1, 37, 1, 0, 1, 1, 0),
(103, 2, 37, 2, 0, 1, 1, 0),
(104, 3, 37, 3, 0, 1, 1, 0),
(105, 0, 38, 0, 0, 1, 1, 0),
(106, 0, 39, 0, 0, 2, 2, 0),
(107, 1, 39, 2, 0, 2, 2, 0),
(108, 2, 39, 0, 2, 4, 2, 0),
(117, 0, 46, 0, 0, 2, 2, 0.25),
(118, 1, 46, 2, 0, 2, 4, 0.5),
(119, 2, 46, 0, 2, 2, 2, 0.25),
(133, 0, 51, 0, 0, 4, 2, 2),
(143, 0, 55, 0, 0, 3, 2, 0),
(144, 0, 56, 0, 0, 4, 2, 0),
(146, 0, 58, 0, 0, 4, 2, 0),
(150, 0, 62, 0, 0, 2, 1, 0),
(151, 1, 62, 2, 0, 1, 1, 0),
(152, 2, 62, 3, 0, 1, 1, 0),
(153, 4, 62, 2, 1, 2, 1, 0),
(160, 0, 66, 0, 0, 3, 4, 0),
(167, 0, 73, 0, 0, 4, 1, 2.5),
(168, 0, 74, 0, 0, 4, 3, 0),
(169, 1, 74, 1, 3, 1, 1, 0),
(170, 2, 74, 0, 3, 1, 1, 0),
(171, 3, 74, 2, 3, 1, 1, 0),
(172, 4, 74, 3, 3, 1, 1, 0),
(173, 0, 75, 0, 0, 4, 3, 0),
(174, 1, 75, 1, 3, 1, 1, 0),
(175, 2, 75, 0, 3, 1, 1, 0),
(176, 3, 75, 2, 3, 1, 1, 0),
(177, 4, 75, 3, 3, 1, 1, 0),
(180, 0, 78, 0, 0, 4, 2, 0),
(181, 0, 79, 0, 0, 4, 2, 0),
(182, 0, 80, 0, 1, 1, 1, 1),
(187, 0, 82, 0, 0, 1, 4, 0.125),
(188, 1, 82, 1, 0, 1, 4, 0.125),
(189, 2, 82, 2, 0, 1, 4, 0.125),
(190, 3, 82, 3, 0, 1, 4, 0.125),
(191, 0, 83, 0, 0, 4, 1, 0.167),
(192, 1, 83, 0, 1, 4, 1, 0.167),
(193, 2, 83, 0, 2, 4, 1, 0.67),
(194, 0, 84, 0, 0, 2, 2, 0.125),
(195, 1, 84, 2, 0, 2, 2, 0.125),
(196, 2, 84, 0, 2, 2, 2, 0.125),
(197, 3, 84, 2, 2, 2, 2, 0.125),
(198, 0, 85, 0, 0, 4, 1, 0.167),
(199, 1, 85, 0, 1, 4, 1, 0.167),
(200, 2, 85, 0, 2, 4, 1, 0.167),
(201, 0, 86, 0, 0, 4, 1, 0.167),
(202, 1, 86, 0, 1, 4, 1, 0.167),
(203, 2, 86, 0, 2, 4, 1, 0.167),
(204, 0, 87, 0, 0, 4, 2, 0.5),
(205, 1, 87, 0, 2, 4, 2, 0.5),
(206, 0, 88, 0, 0, 4, 1, 0.167),
(207, 1, 88, 0, 1, 4, 1, 0.083),
(208, 2, 88, 0, 2, 4, 1, 0.083),
(209, 0, 89, 0, 0, 2, 2, 0.0625),
(210, 1, 89, 2, 0, 2, 2, 0.0625),
(211, 2, 89, 0, 2, 2, 2, 0.0625),
(212, 3, 89, 2, 2, 2, 2, 0.0625),
(213, 0, 90, 0, 0, 2, 1, 0.03),
(214, 1, 90, 2, 0, 2, 1, 0.03),
(215, 2, 90, 0, 1, 2, 1, 0.03),
(216, 3, 90, 2, 1, 2, 1, 0.03),
(217, 4, 90, 0, 2, 2, 1, 0.03),
(218, 5, 90, 2, 2, 2, 1, 0.03),
(219, 6, 90, 0, 3, 4, 1, 0.06),
(224, 0, 92, 0, 0, 4, 2, 0.125),
(225, 1, 92, 0, 2, 4, 2, 0.125),
(240, 0, 95, 0, 0, 2, 2, 0.125),
(241, 1, 95, 2, 0, 2, 2, 0.125),
(242, 2, 95, 0, 2, 2, 2, 0.125),
(243, 3, 95, 2, 2, 2, 2, 0.125),
(244, 0, 96, 0, 0, 4, 1, 0.167),
(245, 1, 96, 0, 1, 4, 1, 0.167),
(246, 2, 96, 0, 2, 4, 1, 0.167),
(247, 0, 97, 0, 0, 2, 2, 0.0625),
(248, 1, 97, 2, 0, 2, 2, 0.0625),
(249, 2, 97, 0, 2, 2, 2, 0.0625),
(250, 3, 97, 2, 2, 2, 2, 0.0625),
(251, 0, 98, 0, 0, 4, 2, 0.25),
(252, 1, 98, 0, 2, 4, 2, 0.25),
(253, 0, 99, 0, 0, 2, 1, 0.042),
(254, 1, 99, 2, 0, 2, 1, 0.042),
(255, 2, 99, 0, 1, 2, 1, 0.042),
(256, 3, 99, 2, 1, 2, 1, 0.042),
(257, 4, 99, 0, 2, 2, 1, 0.042),
(258, 5, 99, 2, 2, 2, 1, 0.042),
(259, 0, 100, 0, 0, 4, 2, 0.25),
(260, 1, 100, 0, 2, 4, 2, 0.25),
(261, 0, 101, 0, 0, 4, 2, 0.125),
(262, 1, 101, 0, 2, 4, 2, 0.125),
(264, 0, 103, 0, 0, 4, 2, 0.5),
(265, 3, 104, 0, 0, 2, 4, 3),
(266, 4, 104, 2, 0, 2, 4, 3),
(267, 3, 105, 0, 0, 2, 4, 0),
(268, 4, 105, 2, 0, 2, 4, 0),
(269, 0, 106, 0, 0, 1, 4, 0),
(270, 1, 106, 1, 0, 1, 4, 0),
(271, 2, 106, 2, 0, 2, 4, 0),
(272, 0, 107, 0, 0, 4, 4, 4),
(274, 0, 109, 0, 0, 2, 1, 0),
(279, 0, 112, 0, 0, 4, 2, 0.501),
(280, 0, 113, 0, 0, 1, 1, 0),
(281, 1, 113, 1, 0, 1, 1, 0),
(282, 2, 113, 2, 0, 1, 1, 0),
(283, 3, 113, 0, 1, 1, 1, 0),
(284, 4, 113, 1, 1, 1, 1, 0),
(285, 5, 113, 2, 1, 1, 1, 0),
(287, 0, 115, 0, 0, 2, 4, 0),
(290, 0, 118, 0, 0, 2, 4, 0.5),
(291, 1, 118, 2, 0, 2, 4, 0.5),
(294, 0, 120, 0, 0, 4, 4, 1),
(295, 0, 121, 0, 0, 2, 4, 0.5),
(296, 1, 121, 2, 0, 2, 4, 0.5),
(300, 0, 123, 0, 0, 1, 2, 0),
(301, 1, 123, 1, 0, 1, 2, 0),
(302, 2, 123, 2, 0, 1, 1, 0),
(303, 0, 124, 0, 0, 2, 4, 0.5),
(304, 0, 125, 0, 0, 1, 1, 0),
(305, 1, 125, 1, 0, 1, 1, 0),
(308, 0, 128, 0, 0, 4, 3, 0.5),
(311, 0, 131, 0, 0, 1, 1, 5),
(313, 1, 133, 0, 0, 2, 2, 1),
(314, 2, 133, 2, 0, 2, 2, 1),
(317, 0, 136, 0, 0, 4, 3, 0.5),
(320, 0, 139, 0, 0, 4, 4, 1),
(321, 0, 140, 0, 0, 2, 2, 0.25),
(322, 0, 141, 0, 0, 4, 2, 0.5),
(323, 0, 142, 0, 0, 2, 2, 0.5),
(324, 0, 143, 0, 0, 2, 2, 0.03),
(325, 0, 144, 0, 0, 2, 2, 0.25),
(326, 1, 144, 2, 0, 2, 2, 0.25),
(327, 2, 144, 0, 2, 2, 2, 0.25),
(328, 3, 144, 2, 2, 2, 2, 0.25),
(329, 0, 145, 0, 0, 2, 2, 0.25),
(330, 1, 145, 2, 0, 2, 2, 0.25),
(331, 2, 145, 0, 2, 2, 2, 0.025),
(332, 3, 145, 2, 2, 2, 2, 0.25),
(333, 0, 146, 0, 0, 1, 2, 0),
(334, 1, 146, 1, 0, 1, 2, 0),
(335, 0, 147, 0, 0, 4, 3, 0),
(336, 0, 148, 0, 0, 4, 2, 0),
(337, 0, 149, 0, 0, 4, 2, 0),
(338, 0, 150, 0, 0, 2, 4, 0),
(339, 1, 150, 2, 0, 2, 4, 0),
(340, 0, 151, 0, 0, 4, 2, 0),
(341, 0, 152, 0, 0, 2, 2, 0),
(342, 1, 152, 2, 0, 2, 2, 0),
(343, 2, 152, 0, 2, 2, 2, 0),
(344, 3, 152, 2, 2, 2, 2, 0),
(345, 0, 153, 0, 0, 1, 1, 0.06),
(346, 0, 154, 0, 0, 4, 4, 0.125),
(347, 0, 155, 0, 0, 4, 4, 0),
(348, 0, 156, 0, 0, 2, 2, 0.25),
(351, 0, 158, 0, 1, 2, 1, 0),
(352, 1, 158, 0, 2, 2, 1, 0),
(358, 0, 162, 0, 0, 2, 4, 0),
(359, 1, 162, 2, 0, 2, 4, 0),
(363, 0, 165, 0, 0, 2, 4, 0),
(364, 1, 165, 2, 0, 2, 4, 0),
(365, 0, 166, 0, 0, 1, 2, 0),
(366, 1, 166, 1, 0, 1, 2, 0),
(367, 2, 166, 2, 0, 1, 2, 0),
(368, 0, 167, 0, 0, 1, 3, 0.19),
(369, 2, 167, 3, 0, 1, 3, 0.19),
(370, 3, 167, 1, 0, 2, 3, 0.38),
(371, 0, 168, 0, 0, 2, 2, 0.25),
(372, 0, 169, 0, 0, 2, 4, 0),
(373, 0, 170, 0, 0, 2, 4, 0),
(374, 1, 170, 2, 0, 2, 4, 0),
(375, 0, 171, 0, 0, 4, 4, 0),
(376, 0, 172, 1, 1, 1, 1, 1),
(377, 0, 173, 0, 0, 4, 2, 0),
(378, 0, 174, 0, 0, 2, 4, 0),
(379, 0, 175, 2, 0, 2, 4, 0),
(380, 0, 176, 0, 0, 2, 2, 0.25),
(381, 0, 177, 0, 0, 2, 2, 0.25),
(382, 0, 178, 0, 0, 1, 1, 0),
(383, 0, 179, 0, 0, 1, 1, 0),
(386, 0, 182, 1, 0, 1, 1, 0),
(387, 1, 182, 0, 0, 1, 1, 0),
(388, 0, 183, 0, 0, 2, 1, 0),
(389, 0, 184, 0, 0, 4, 1, 8.7525),
(390, 0, 185, 0, 0, 2, 2, 0),
(391, 0, 186, 0, 0, 4, 2, 0),
(392, 1, 186, 0, 2, 2, 2, 0),
(393, 0, 187, 0, 0, 4, 2, 0),
(394, 1, 187, 0, 2, 2, 2, 0),
(395, 2, 187, 2, 2, 2, 2, 0),
(396, 0, 188, 0, 0, 4, 4, 0),
(397, 0, 189, 0, 0, 4, 2, 0),
(398, 1, 189, 0, 2, 4, 2, 0),
(399, 0, 190, 0, 0, 4, 2, 0),
(400, 0, 191, 0, 0, 1, 2, 0),
(419, 0, 201, 0, 0, 1, 4, 0.125),
(420, 2, 201, 1, 0, 2, 4, 0.125),
(425, 0, 206, 0, 0, 1, 2, 0),
(426, 1, 206, 1, 0, 1, 2, 0),
(427, 2, 206, 2, 0, 1, 2, 0),
(428, 3, 206, 3, 0, 1, 2, 0),
(430, 0, 208, 0, 0, 2, 2, 0.25),
(431, 0, 209, 0, 0, 1, 4, 0.125),
(432, 2, 209, 1, 0, 2, 4, 0.125),
(433, 0, 210, 0, 0, 1, 1, 0.06),
(453, 0, 223, 0, 0, 2, 4, 0),
(454, 1, 223, 2, 0, 2, 4, 0),
(455, 0, 224, 0, 0, 4, 4, 0),
(465, 0, 228, 0, 0, 2, 2, 0),
(466, 2, 228, 0, 2, 4, 2, 0),
(469, 0, 231, 0, 0, 2, 2, 2),
(470, 2, 231, 0, 2, 4, 2, 2),
(471, 1, 232, 2, 0, 2, 2, 1),
(472, 2, 232, 2, 2, 2, 2, 1),
(473, 1, 233, 2, 0, 2, 2, 2),
(474, 2, 233, 2, 2, 2, 2, 2),
(475, 0, 234, 0, 0, 2, 4, 0),
(476, 1, 235, 2, 0, 2, 2, 2),
(477, 2, 235, 2, 2, 2, 2, 2),
(479, 0, 237, 0, 0, 1, 2, 0.06),
(480, 1, 237, 0, 3, 1, 1, 0.06),
(481, 2, 237, 3, 0, 1, 2, 0),
(482, 3, 237, 3, 3, 1, 1, 0),
(483, 0, 238, 0, 0, 1, 1, 0),
(491, 0, 243, 0, 0, 2, 2, 0),
(492, 1, 243, 2, 0, 2, 2, 0),
(493, 2, 243, 0, 2, 2, 2, 0),
(494, 3, 243, 2, 2, 2, 2, 0),
(495, 0, 244, 0, 0, 1, 1, 0),
(499, 0, 247, 0, 0, 2, 2, 0),
(500, 0, 248, 0, 0, 2, 1, 0.13),
(501, 1, 248, 2, 0, 2, 1, 0.13),
(502, 2, 248, 0, 1, 2, 1, 0.13),
(503, 3, 248, 2, 1, 2, 1, 0.13),
(504, 4, 248, 0, 2, 2, 1, 0.13),
(505, 5, 248, 2, 2, 2, 1, 0.13),
(506, 6, 248, 0, 3, 2, 1, 0.13),
(507, 7, 248, 2, 3, 2, 1, 0.13),
(508, 0, 249, 0, 0, 2, 2, 0.06),
(509, 1, 249, 2, 0, 2, 2, 0.06),
(512, 0, 251, 0, 0, 4, 2, 0.75),
(513, 1, 251, 0, 2, 4, 2, 0),
(517, 0, 253, 0, 0, 4, 2, 0),
(518, 1, 253, 0, 2, 2, 2, 0),
(519, 0, 254, 0, 0, 1, 1, 0),
(520, 0, 255, 0, 0, 4, 2, 0),
(521, 1, 255, 0, 2, 4, 2, 0),
(524, 0, 257, 0, 0, 2, 2, 0),
(525, 1, 257, 2, 0, 2, 2, 0.25),
(526, 2, 257, 0, 2, 2, 2, 0.25),
(527, 3, 257, 2, 2, 2, 2, 0.083),
(538, 0, 264, 0, 0, 1, 1, 0),
(539, 0, 265, 0, 0, 1, 1, 0),
(540, 0, 266, 0, 0, 1, 1, 0),
(541, 0, 267, 0, 0, 1, 2, 0),
(542, 1, 267, 1, 0, 1, 2, 0),
(543, 2, 267, 2, 0, 1, 2, 0),
(544, 3, 267, 3, 0, 1, 2, 0),
(545, 0, 268, 0, 0, 1, 2, 0),
(546, 1, 268, 1, 0, 1, 2, 0),
(547, 0, 269, 0, 0, 1, 2, 0),
(548, 1, 270, 0, 0, 1, 2, 0),
(549, 0, 271, 0, 0, 2, 2, 0),
(550, 0, 272, 0, 0, 1, 1, 0),
(551, 0, 273, 0, 0, 4, 2, 0),
(552, 0, 274, 0, 0, 1, 1, 0),
(563, 0, 281, 1, 0, 2, 2, 0.25),
(564, 1, 281, 0, 0, 1, 4, 0.25),
(565, 2, 281, 3, 0, 1, 3, 0),
(566, 3, 281, 1, 2, 2, 1, 0),
(567, 4, 281, 1, 3, 3, 1, 0),
(568, 0, 282, 2, 0, 2, 4, 0.25),
(569, 1, 282, 0, 0, 2, 4, 0.25),
(570, 0, 283, 0, 0, 4, 4, 0),
(571, 0, 284, 0, 0, 2, 2, 0.25),
(572, 0, 285, 0, 0, 1, 1, 0),
(573, 0, 286, 0, 0, 1, 1, 0),
(574, 0, 287, 0, 0, 1, 1, 0),
(575, 0, 288, 0, 0, 1, 1, 0),
(576, 0, 289, 0, 0, 1, 1, 0),
(577, 0, 290, 0, 0, 2, 4, 0),
(578, 1, 290, 2, 0, 2, 4, 0),
(579, 0, 291, 0, 0, 4, 2, 0),
(580, 0, 292, 0, 0, 1, 1, 0),
(581, 0, 293, 0, 0, 1, 2, 0),
(582, 1, 293, 1, 0, 1, 2, 0),
(583, 0, 294, 0, 0, 1, 2, 0),
(584, 1, 294, 1, 0, 1, 2, 0),
(585, 2, 294, 2, 0, 1, 2, 0),
(586, 3, 294, 3, 0, 1, 2, 0),
(587, 0, 295, 0, 0, 1, 1, 0),
(589, 0, 297, 0, 0, 1, 1, 0.06),
(600, 1, 303, 0, 0, 2, 3, 0.06),
(601, 1, 304, 2, 0, 2, 4, 0.06),
(602, 0, 305, 2, 0, 2, 4, 0),
(603, 0, 306, 2, 0, 2, 4, 0),
(623, 0, 310, 0, 0, 2, 1, 0.03),
(624, 1, 310, 2, 0, 2, 1, 0.03),
(625, 2, 310, 0, 1, 2, 1, 0.03),
(626, 3, 310, 2, 1, 2, 1, 0.03),
(627, 4, 310, 0, 2, 2, 1, 0.3),
(628, 5, 310, 2, 2, 2, 1, 0.03),
(629, 6, 310, 0, 3, 1, 1, 0.03),
(630, 7, 310, 1, 3, 1, 1, 0.03),
(631, 8, 310, 2, 3, 1, 1, 0.03),
(632, 0, 311, 0, 0, 2, 1, 0.03),
(633, 1, 311, 2, 0, 2, 1, 0.03),
(634, 2, 311, 0, 1, 2, 1, 0.03),
(635, 3, 311, 2, 1, 2, 1, 0.03),
(636, 4, 311, 0, 2, 2, 1, 0.3),
(637, 5, 311, 2, 2, 2, 1, 0.03),
(638, 6, 311, 0, 3, 1, 1, 0.03),
(639, 7, 311, 1, 3, 1, 1, 0.03),
(640, 8, 311, 2, 3, 1, 1, 0.03),
(641, 0, 312, 0, 0, 2, 1, 0.03),
(642, 1, 312, 2, 0, 2, 1, 0.03),
(643, 2, 312, 0, 1, 2, 1, 0.03),
(644, 3, 312, 2, 1, 2, 1, 0.03),
(645, 4, 312, 0, 2, 2, 1, 0.3),
(646, 5, 312, 2, 2, 2, 1, 0.03),
(647, 6, 312, 0, 3, 1, 1, 0.03),
(648, 7, 312, 1, 3, 1, 1, 0.03),
(649, 8, 312, 2, 3, 1, 1, 0.03),
(650, 0, 313, 0, 0, 2, 2, 0),
(651, 1, 313, 2, 2, 2, 2, 0),
(652, 2, 313, 0, 2, 2, 2, 0),
(653, 3, 313, 2, 0, 2, 2, 0),
(654, 0, 314, 0, 0, 2, 1, 0),
(655, 1, 314, 2, 0, 2, 1, 0),
(656, 2, 314, 0, 1, 2, 1, 0),
(657, 3, 314, 2, 1, 2, 1, 0),
(658, 4, 314, 0, 2, 2, 1, 0),
(659, 5, 314, 2, 2, 2, 1, 0),
(660, 6, 314, 0, 3, 1, 1, 0),
(661, 7, 314, 1, 3, 1, 1, 0),
(662, 8, 314, 2, 3, 1, 1, 0),
(665, 0, 316, 0, 0, 1, 3, 0.09),
(666, 1, 316, 2, 0, 2, 1, 0.06),
(667, 2, 316, 1, 1, 3, 2, 0.19),
(668, 3, 316, 1, 3, 3, 1, 0.09),
(669, 0, 317, 2, 0, 2, 4, 0),
(670, 1, 317, 0, 0, 2, 4, 0),
(671, 0, 318, 0, 0, 1, 2, 0),
(672, 1, 318, 1, 0, 1, 2, 0),
(673, 2, 318, 2, 0, 1, 2, 0),
(674, 0, 319, 0, 0, 2, 2, 0),
(675, 1, 319, 2, 0, 2, 2, 0),
(676, 2, 319, 0, 2, 2, 2, 0),
(677, 3, 319, 2, 2, 2, 2, 0),
(678, 0, 320, 0, 0, 2, 1, 0),
(679, 1, 320, 2, 0, 2, 1, 0),
(680, 2, 320, 0, 1, 2, 1, 0),
(681, 3, 320, 2, 1, 2, 1, 0),
(682, 0, 321, 0, 0, 4, 2, 0),
(683, 0, 322, 0, 0, 2, 1, 0),
(684, 1, 322, 2, 0, 1, 1, 0),
(685, 0, 323, 0, 0, 2, 1, 0),
(686, 1, 323, 2, 0, 1, 1, 0),
(687, 2, 323, 3, 0, 1, 1, 0),
(688, 0, 324, 0, 0, 1, 1, 0),
(689, 1, 324, 1, 0, 1, 1, 0);

-- --------------------------------------------------------

--
-- Table structure for table `treatment`
--

CREATE TABLE IF NOT EXISTS `treatment` (
  `treatment_id` int(10) unsigned NOT NULL,
  `treatment_name` varchar(30) NOT NULL,
  `treatment_category` tinyint(3) unsigned NOT NULL,
  `treatment_name_english` varchar(30) NOT NULL
) ENGINE=InnoDB AUTO_INCREMENT=3 DEFAULT CHARSET=utf8;

--
-- Dumping data for table `treatment`
--

INSERT INTO `treatment` (`treatment_id`, `treatment_name`, `treatment_category`, `treatment_name_english`) VALUES
(1, 'Dawa', 0, 'Pest control'),
(2, 'Mbolea', 1, 'Soil management');

-- --------------------------------------------------------

--
-- Table structure for table `treatment_ingredient`
--

CREATE TABLE IF NOT EXISTS `treatment_ingredient` (
  `treatment_ingredient_id` int(10) unsigned NOT NULL,
  `treatment_id` int(10) unsigned NOT NULL,
  `treatment_ingredient_name` varchar(100) NOT NULL,
  `treatment_ingredient_name_english` varchar(100) NOT NULL
) ENGINE=InnoDB AUTO_INCREMENT=22 DEFAULT CHARSET=utf8;

--
-- Dumping data for table `treatment_ingredient`
--

INSERT INTO `treatment_ingredient` (`treatment_ingredient_id`, `treatment_id`, `treatment_ingredient_name`, `treatment_ingredient_name_english`) VALUES
(1, 1, 'Pilipili', 'Pepper'),
(2, 1, 'Aloe vera', 'Aloe vera'),
(3, 1, 'Mwarubaini', 'Neem'),
(4, 1, 'Sabuni', 'Soap'),
(5, 1, 'Vitunguu swaumu', 'Garlic'),
(6, 1, 'Tangawizi', 'Ginger'),
(7, 1, 'Majivu', 'Ashes'),
(9, 1, 'Maziwa', 'Milk'),
(10, 2, 'Matandazo', 'Grasses'),
(11, 2, 'Samadi', 'Manure'),
(12, 2, 'Mboji', 'Compost'),
(13, 1, 'Mipapai', 'Papaya'),
(14, 1, 'Utupa', 'Utupa'),
(15, 1, 'Bangi', 'Hemp'),
(16, 1, 'Mvepe', 'Mvepe'),
(17, 1, 'Lantana camara', 'Lanatana camara'),
(18, 2, 'Chai mbolea', 'Tea manure'),
(19, 2, 'Majivu', 'Ashes'),
(20, 1, 'Vitunguu maji', 'Onion'),
(21, 1, 'Mnyaa', 'Mnyaa');

-- --------------------------------------------------------

--
-- Table structure for table `treatment_ingredient_x_plot`
--

CREATE TABLE IF NOT EXISTS `treatment_ingredient_x_plot` (
  `treatment_ingredient_x_plot` int(10) unsigned NOT NULL,
  `treatment_ingredient_id` int(10) unsigned NOT NULL,
  `plot_id` int(10) unsigned NOT NULL
) ENGINE=InnoDB AUTO_INCREMENT=1020 DEFAULT CHARSET=utf8;

--
-- Dumping data for table `treatment_ingredient_x_plot`
--

INSERT INTO `treatment_ingredient_x_plot` (`treatment_ingredient_x_plot`, `treatment_ingredient_id`, `plot_id`) VALUES
(1, 11, 2),
(2, 11, 3),
(13, 3, 24),
(14, 1, 24),
(15, 3, 25),
(16, 1, 25),
(17, 10, 25),
(18, 3, 26),
(23, 2, 33),
(24, 3, 34),
(34, 13, 44),
(35, 3, 44),
(36, 12, 44),
(37, 11, 45),
(38, 3, 47),
(39, 11, 47),
(40, 11, 48),
(41, 3, 49),
(42, 1, 49),
(43, 5, 49),
(61, 2, 0),
(62, 3, 0),
(63, 1, 0),
(64, 5, 0),
(65, 8, 0),
(66, 0, 0),
(67, 2, 0),
(71, 2, 0),
(72, 1, 0),
(73, 4, 0),
(74, 5, 0),
(75, 3, 0),
(76, 1, 0),
(77, 0, 0),
(78, 2, 0),
(79, 2, 0),
(80, 1, 0),
(81, 4, 0),
(82, 5, 0),
(83, 3, 0),
(84, 1, 0),
(85, 0, 0),
(86, 2, 0),
(87, 2, 0),
(88, 0, 0),
(89, 2, 0),
(90, 1, 0),
(91, 15, 74),
(92, 10, 74),
(93, 11, 74),
(94, 11, 75),
(95, 10, 75),
(96, 2, 79),
(97, 1, 79),
(98, 4, 79),
(99, 5, 79),
(100, 11, 79),
(101, 2, 80),
(102, 1, 80),
(103, 4, 80),
(104, 20, 80),
(105, 11, 80),
(106, 2, 81),
(107, 1, 81),
(108, 4, 81),
(109, 3, 81),
(126, 12, 93),
(127, 2, 94),
(128, 3, 94),
(129, 2, 96),
(137, 21, 101),
(138, 13, 101),
(139, 7, 101),
(140, 10, 101),
(141, 11, 101),
(142, 10, 102),
(143, 12, 102),
(144, 15, 103),
(145, 18, 103),
(146, 9, 104),
(147, 11, 104),
(153, 11, 117),
(154, 13, 118),
(155, 9, 118),
(159, 8, 0),
(162, 8, 0),
(165, 11, 133),
(166, 10, 133),
(167, 27, 0),
(168, 2, 0),
(169, 0, 0),
(174, 10, 143),
(175, 11, 143),
(176, 10, 144),
(178, 1, 0),
(181, 11, 150),
(182, 5, 152),
(183, 3, 152),
(184, 1, 152),
(185, 2, 152),
(186, 11, 152),
(187, 10, 152),
(200, 2, 160),
(201, 3, 160),
(202, 12, 160),
(205, 10, 167),
(206, 3, 169),
(207, 1, 169),
(208, 11, 169),
(209, 3, 171),
(210, 1, 171),
(211, 11, 172),
(212, 3, 174),
(213, 1, 174),
(214, 11, 174),
(215, 3, 176),
(216, 1, 176),
(217, 3, 177),
(218, 1, 177),
(219, 11, 177),
(225, 1, 0),
(226, 0, 0),
(227, 2, 0),
(228, 3, 188),
(229, 1, 188),
(230, 5, 188),
(231, 11, 188),
(232, 3, 189),
(233, 1, 189),
(234, 5, 189),
(235, 3, 190),
(236, 1, 190),
(237, 5, 190),
(238, 11, 190),
(239, 18, 193),
(240, 3, 195),
(241, 1, 195),
(242, 11, 195),
(243, 3, 197),
(244, 1, 197),
(245, 11, 199),
(246, 11, 200),
(247, 11, 202),
(248, 11, 203),
(249, 3, 205),
(250, 1, 205),
(251, 4, 205),
(252, 5, 205),
(253, 11, 205),
(254, 1, 207),
(255, 3, 207),
(256, 5, 207),
(257, 3, 208),
(258, 1, 208),
(259, 5, 208),
(260, 11, 208),
(261, 11, 210),
(262, 11, 212),
(263, 11, 214),
(264, 11, 216),
(265, 11, 218),
(274, 11, 225),
(282, 11, 241),
(283, 11, 243),
(284, 3, 245),
(285, 2, 245),
(286, 1, 245),
(287, 3, 246),
(288, 1, 246),
(289, 2, 246),
(290, 11, 246),
(291, 11, 248),
(292, 10, 249),
(293, 3, 250),
(294, 7, 250),
(295, 5, 250),
(296, 11, 252),
(297, 3, 254),
(298, 4, 254),
(299, 11, 254),
(300, 3, 256),
(301, 4, 256),
(302, 11, 256),
(303, 3, 258),
(304, 4, 258),
(305, 11, 258),
(306, 11, 260),
(307, 11, 262),
(311, 3, 264),
(312, 4, 264),
(313, 12, 264),
(314, 3, 266),
(315, 7, 266),
(316, 1, 266),
(317, 18, 266),
(318, 11, 266),
(319, 12, 266),
(320, 3, 268),
(321, 7, 268),
(322, 1, 268),
(323, 18, 268),
(324, 11, 268),
(325, 12, 268),
(326, 12, 270),
(327, 11, 270),
(328, 18, 271),
(344, 3, 279),
(345, 10, 279),
(346, 3, 283),
(347, 11, 283),
(348, 3, 284),
(349, 11, 284),
(350, 3, 285),
(351, 11, 285),
(356, 7, 290),
(357, 3, 290),
(358, 12, 290),
(362, 11, 294),
(363, 7, 295),
(364, 3, 295),
(365, 12, 295),
(370, 17, 300),
(371, 7, 300),
(372, 11, 300),
(373, 7, 302),
(374, 17, 0),
(375, 7, 0),
(376, 3, 0),
(377, 7, 0),
(378, 1, 0),
(379, 7, 308),
(380, 11, 308),
(381, 13, 311),
(382, 7, 311),
(383, 11, 311),
(384, 32, 0),
(385, 5, 314),
(386, 3, 314),
(387, 11, 314),
(388, 7, 317),
(389, 11, 317),
(393, 13, 0),
(394, 7, 0),
(395, 0, 0),
(396, 6, 320),
(397, 18, 320),
(398, 12, 320),
(399, 7, 321),
(400, 13, 321),
(401, 11, 321),
(402, 12, 322),
(403, 7, 323),
(404, 11, 323),
(405, 7, 326),
(406, 18, 326),
(407, 18, 328),
(408, 7, 330),
(409, 18, 330),
(410, 18, 332),
(411, 11, 333),
(412, 2, 336),
(413, 7, 336),
(414, 3, 336),
(415, 1, 336),
(416, 4, 336),
(417, 5, 336),
(418, 11, 336),
(419, 2, 337),
(420, 7, 337),
(421, 3, 337),
(422, 1, 337),
(423, 4, 337),
(424, 5, 337),
(425, 11, 337),
(426, 8, 0),
(427, 11, 339),
(428, 12, 340),
(429, 11, 342),
(430, 11, 344),
(431, 1, 0),
(432, 0, 0),
(433, 1, 0),
(434, 2, 0),
(435, 2, 0),
(436, 0, 0),
(437, 7, 0),
(438, 11, 0),
(439, 10, 0),
(440, 7, 346),
(441, 11, 348),
(446, 1, 352),
(447, 3, 352),
(448, 5, 352),
(449, 10, 352),
(452, 2, 358),
(453, 3, 358),
(454, 1, 358),
(455, 5, 358),
(456, 2, 359),
(457, 3, 359),
(458, 1, 359),
(459, 5, 359),
(460, 11, 359),
(463, 11, 364),
(464, 2, 366),
(465, 3, 366),
(466, 1, 366),
(467, 11, 367),
(468, 3, 368),
(469, 1, 368),
(470, 4, 368),
(471, 11, 368),
(472, 3, 370),
(473, 1, 370),
(474, 4, 370),
(475, 11, 371),
(476, 11, 374),
(477, 3, 375),
(478, 1, 375),
(479, 11, 381),
(480, 10, 381),
(481, 2, 387),
(482, 3, 387),
(483, 1, 387),
(484, 6, 387),
(485, 5, 387),
(486, 10, 387),
(487, 7, 388),
(488, 11, 388),
(489, 7, 389),
(490, 3, 389),
(491, 1, 389),
(492, 12, 393),
(493, 11, 395),
(494, 3, 398),
(495, 10, 399),
(496, 12, 400),
(514, 7, 0),
(515, 1, 0),
(518, 4, 419),
(519, 11, 419),
(521, 2, 425),
(522, 7, 425),
(523, 3, 425),
(524, 1, 425),
(525, 4, 425),
(526, 5, 425),
(527, 2, 426),
(528, 7, 426),
(529, 1, 426),
(530, 4, 426),
(531, 5, 426),
(532, 12, 426),
(533, 7, 427),
(534, 1, 427),
(535, 4, 427),
(536, 3, 427),
(537, 5, 427),
(538, 12, 427),
(539, 7, 428),
(540, 1, 428),
(541, 3, 428),
(542, 4, 428),
(543, 5, 428),
(544, 12, 428),
(545, 21, 0),
(546, 21, 0),
(547, 16, 430),
(548, 10, 430),
(549, 4, 431),
(550, 11, 431),
(551, 3, 433),
(552, 7, 433),
(553, 18, 433),
(554, 12, 433),
(585, 3, 453),
(586, 11, 453),
(587, 11, 455),
(606, 3, 465),
(607, 1, 465),
(608, 5, 465),
(609, 10, 465),
(610, 11, 465),
(611, 3, 469),
(612, 1, 469),
(613, 5, 469),
(614, 10, 469),
(615, 11, 469),
(616, 3, 471),
(617, 1, 471),
(618, 11, 471),
(619, 10, 471),
(620, 3, 473),
(621, 1, 473),
(622, 11, 473),
(623, 10, 473),
(624, 3, 476),
(625, 1, 476),
(626, 11, 476),
(627, 10, 476),
(650, 11, 491),
(651, 10, 494),
(652, 7, 495),
(653, 2, 495),
(654, 3, 495),
(655, 1, 495),
(656, 4, 495),
(657, 5, 495),
(658, 11, 495),
(659, 19, 495),
(660, 3, 499),
(661, 1, 499),
(662, 11, 500),
(663, 10, 500),
(664, 10, 501),
(665, 3, 502),
(666, 5, 502),
(667, 1, 502),
(668, 11, 502),
(669, 10, 502),
(670, 10, 503),
(671, 3, 504),
(672, 1, 504),
(673, 5, 504),
(674, 11, 504),
(675, 10, 504),
(676, 10, 505),
(677, 11, 506),
(678, 2, 508),
(679, 3, 508),
(680, 1, 508),
(681, 10, 508),
(682, 11, 508),
(684, 13, 0),
(685, 3, 513),
(686, 11, 517),
(687, 7, 518),
(688, 10, 518),
(689, 7, 519),
(690, 2, 519),
(691, 3, 519),
(692, 1, 519),
(693, 5, 519),
(694, 11, 519),
(695, 11, 520),
(696, 7, 521),
(697, 10, 521),
(700, 12, 524),
(701, 3, 525),
(702, 1, 525),
(703, 10, 525),
(704, 12, 525),
(705, 18, 525),
(706, 3, 526),
(707, 1, 526),
(708, 18, 527),
(709, 10, 527),
(710, 11, 527),
(715, 1, 538),
(716, 3, 538),
(717, 11, 538),
(718, 2, 539),
(719, 3, 539),
(720, 1, 539),
(721, 4, 539),
(722, 6, 539),
(723, 5, 539),
(724, 11, 539),
(725, 19, 539),
(726, 2, 540),
(727, 7, 540),
(728, 3, 540),
(729, 1, 540),
(730, 4, 540),
(731, 5, 540),
(732, 11, 540),
(733, 19, 540),
(734, 1, 541),
(735, 6, 541),
(736, 18, 541),
(737, 7, 543),
(738, 2, 543),
(739, 18, 543),
(740, 10, 543),
(741, 11, 543),
(742, 1, 545),
(743, 6, 545),
(744, 18, 545),
(745, 3, 547),
(746, 1, 547),
(747, 2, 548),
(748, 7, 548),
(749, 1, 548),
(750, 5, 548),
(751, 11, 548),
(752, 2, 550),
(753, 7, 550),
(754, 3, 550),
(755, 1, 550),
(756, 4, 550),
(757, 5, 550),
(758, 11, 550),
(759, 10, 550),
(760, 18, 550),
(761, 19, 550),
(762, 2, 551),
(763, 1, 551),
(764, 19, 551),
(765, 11, 551),
(766, 2, 552),
(767, 7, 552),
(768, 3, 552),
(769, 1, 552),
(770, 4, 552),
(771, 5, 552),
(772, 11, 552),
(773, 19, 552),
(781, 3, 563),
(782, 12, 564),
(783, 3, 568),
(784, 12, 569),
(785, 3, 570),
(786, 2, 572),
(787, 7, 572),
(788, 3, 572),
(789, 1, 572),
(790, 4, 572),
(791, 6, 572),
(792, 5, 572),
(793, 19, 572),
(794, 11, 572),
(795, 18, 572),
(796, 11, 574),
(797, 11, 578),
(798, 3, 579),
(799, 1, 579),
(800, 12, 579),
(801, 1, 581),
(802, 6, 581),
(803, 18, 581),
(804, 10, 581),
(805, 11, 581),
(806, 18, 582),
(807, 10, 582),
(808, 11, 582),
(809, 1, 583),
(810, 6, 583),
(811, 18, 583),
(812, 6, 585),
(813, 1, 585),
(814, 18, 585),
(815, 10, 585),
(816, 11, 585),
(817, 18, 586),
(818, 10, 586),
(819, 11, 586),
(820, 2, 587),
(821, 7, 587),
(822, 3, 587),
(823, 1, 587),
(824, 4, 587),
(825, 5, 587),
(826, 11, 587),
(827, 19, 587),
(828, 7, 0),
(829, 3, 0),
(830, 26, 0),
(831, 7, 0),
(832, 3, 0),
(833, 26, 0),
(834, 0, 0),
(835, 1, 0),
(836, 5, 589),
(837, 11, 589),
(838, 19, 589),
(839, 10, 589),
(843, 9, 601),
(844, 19, 601),
(845, 7, 603),
(846, 19, 603),
(883, 2, 624),
(884, 3, 624),
(885, 1, 624),
(886, 20, 624),
(887, 7, 624),
(888, 11, 624),
(889, 3, 626),
(890, 1, 626),
(891, 5, 626),
(892, 4, 626),
(893, 11, 626),
(894, 2, 628),
(895, 3, 628),
(896, 1, 628),
(897, 5, 628),
(898, 11, 628),
(899, 11, 630),
(900, 2, 633),
(901, 3, 633),
(902, 1, 633),
(903, 20, 633),
(904, 7, 633),
(905, 11, 633),
(906, 3, 635),
(907, 1, 635),
(908, 5, 635),
(909, 4, 635),
(910, 11, 635),
(911, 2, 637),
(912, 3, 637),
(913, 1, 637),
(914, 5, 637),
(915, 11, 637),
(916, 11, 639),
(917, 2, 642),
(918, 3, 642),
(919, 1, 642),
(920, 20, 642),
(921, 7, 642),
(922, 11, 642),
(923, 3, 644),
(924, 1, 644),
(925, 5, 644),
(926, 4, 644),
(927, 11, 644),
(928, 2, 646),
(929, 3, 646),
(930, 1, 646),
(931, 5, 646),
(932, 11, 646),
(933, 11, 648),
(934, 3, 650),
(935, 11, 650),
(936, 3, 651),
(937, 3, 652),
(938, 11, 652),
(939, 3, 653),
(940, 2, 655),
(941, 3, 655),
(942, 1, 655),
(943, 20, 655),
(944, 7, 655),
(945, 11, 655),
(946, 3, 657),
(947, 1, 657),
(948, 5, 657),
(949, 4, 657),
(950, 11, 657),
(951, 2, 659),
(952, 3, 659),
(953, 1, 659),
(954, 5, 659),
(955, 11, 659),
(956, 11, 661),
(964, 14, 665),
(965, 6, 665),
(966, 1, 665),
(967, 11, 665),
(968, 12, 665),
(969, 14, 667),
(970, 2, 667),
(971, 11, 667),
(972, 12, 667),
(973, 2, 670),
(974, 3, 670),
(975, 1, 670),
(976, 6, 670),
(977, 5, 670),
(978, 10, 670),
(979, 11, 670),
(980, 2, 672),
(981, 3, 672),
(982, 1, 672),
(983, 11, 672),
(984, 2, 673),
(985, 3, 673),
(986, 1, 673),
(987, 11, 673),
(988, 3, 675),
(989, 1, 675),
(990, 4, 675),
(991, 3, 676),
(992, 1, 676),
(993, 12, 676),
(994, 3, 677),
(995, 1, 677),
(996, 4, 677),
(997, 10, 677),
(998, 12, 677),
(999, 18, 677),
(1000, 18, 679),
(1001, 10, 679),
(1002, 11, 679),
(1003, 11, 680),
(1004, 10, 680),
(1005, 2, 681),
(1006, 3, 681),
(1007, 1, 681),
(1008, 11, 681),
(1009, 3, 682),
(1010, 1, 682),
(1011, 11, 682),
(1012, 11, 683),
(1013, 3, 684),
(1014, 1, 684),
(1015, 5, 684),
(1016, 11, 685),
(1017, 3, 686),
(1018, 1, 686),
(1019, 5, 686);

-- --------------------------------------------------------

--
-- Table structure for table `units`
--

CREATE TABLE IF NOT EXISTS `units` (
  `units_id` int(10) unsigned NOT NULL,
  `units_name` varchar(100) NOT NULL,
  `units_type` int(10) unsigned NOT NULL COMMENT '0=number, 1=date, 2=cost',
  `units_name_english` varchar(30) NOT NULL
) ENGINE=InnoDB AUTO_INCREMENT=9 DEFAULT CHARSET=utf8;

--
-- Dumping data for table `units`
--

INSERT INTO `units` (`units_id`, `units_name`, `units_type`, `units_name_english`) VALUES
(1, 'Kg', 0, 'Kg'),
(2, 'Debe', 0, 'Baskets'),
(4, 'TZS', 2, 'TZS'),
(5, 'Gunia', 0, '100 kg package'),
(6, 'Tenga', 0, 'Variable weight'),
(7, 'Lita', 0, 'Liters'),
(8, 'Mti', 0, 'Sticks');

-- --------------------------------------------------------

--
-- Table structure for table `user`
--

CREATE TABLE IF NOT EXISTS `user` (
  `user_id` int(10) unsigned NOT NULL,
  `user_name` varchar(100) NOT NULL,
  `user_alias` varchar(30) NOT NULL,
  `user_password` varchar(30) NOT NULL,
  `user_mobile` varchar(30) NOT NULL,
  `user_group` varchar(30) NOT NULL,
  `user_association` varchar(30) NOT NULL,
  `user_location` varchar(30) NOT NULL,
  `is_admin` tinyint(3) unsigned NOT NULL DEFAULT '0'
) ENGINE=InnoDB AUTO_INCREMENT=67 DEFAULT CHARSET=utf8;

--
-- Dumping data for table `user`
--

INSERT INTO `user` (`user_id`, `user_name`, `user_alias`, `user_password`, `user_mobile`, `user_group`, `user_association`, `user_location`, `is_admin`) VALUES
(1, 'Test User', 'test', 'test', '', '', '', '', 0),
(2, 'Eugenio Tisselli', 'eugenio', 'cubo23', '', '', '', '', 1),
(5, 'Elias Charles Maajire', 'elias', 'maajire', '', '', '', 'Morogoro', 0),
(6, 'Betina J. Mgwama', 'betina', 'mgwama', '', '', '', 'Morogoro', 0),
(7, 'Teddy Kaweah', 'teddy', 'kaweah', '', '', '', 'Morogoro', 0),
(8, 'Faudhia Magawa', 'faudhia', 'magawa', '', '', '', 'Morogoro', 0),
(9, 'Tausi Omary Juma', 'tausi', 'juma', '', '', '', 'Morogoro', 0),
(10, 'Eugenia K. Kishogo', 'eugenia', 'kishogo', '', '', '', 'Morogoro', 0),
(11, 'Tabu Said', 'tabu', 'said', '', '', '', 'Morogoro', 0),
(12, 'Sylvester Letus', 'sylvester', 'letus', '', '', '', 'Morogoro', 0),
(13, 'Christopher Benagire', 'christopher', 'benagire', '', '', '', 'Morogoro', 0),
(14, 'Parkursi Ngobwa', 'parkursi', 'ngobwa', '', '', '', 'Morogoro', 0),
(15, 'Hamisi R. Shomari', 'hamisi r', 'shomari', '', '', '', 'Morogoro', 0),
(16, 'Abdallah Jumanne', 'abdallah j', 'jumanne', '', '', '', 'Chambezi', 0),
(17, 'Ana Macha', 'ana', 'macha', '', '', '', 'Chambezi', 0),
(18, 'Renalda Msaki', 'renalda', 'msaki', '', '', '', 'Chambezi', 0),
(19, 'Rehema Maganga', 'rehema', 'maganga', '', '', '', 'Chambezi', 0),
(20, 'Nuru Mohamedi', 'nuru', 'mohamedi', '', '', '', 'Chambezi', 0),
(21, 'Fatuma Ngomero', 'fatuma', 'ngomero', '', '', '', 'Chambezi', 0),
(22, 'Mwanaidi Shabani', 'mwanaidi', 'shabani', '', '', '', 'Chambezi', 0),
(23, 'Hamisi Palango', 'hamisi', 'palango', '', '', '', 'Chambezi', 0),
(24, 'Fadhili Salum', 'fadhili', 'salum', '', '', '', 'Chambezi', 0),
(25, 'Abdallah Mahmudu', 'abdallah m', 'mahmudu', '', '', '', 'Chambezi', 0),
(26, 'Tumaini Mussa', 'tumaini', 'mussa', '', '', '', 'Masasi', 0),
(27, 'Hadija Wende', 'hadija', 'wende', '', '', '', 'Masasi', 0),
(28, 'Mohamedi Simosya', 'mohamedi', 'simosya', '', '', '', 'Masasi', 0),
(29, 'Omari Aleka', 'omari', 'aleka', '', '', '', 'Masasi', 0),
(30, 'Regina Hamisi', 'regina', 'hamisi', '', '', '', 'Masasi', 0),
(31, 'Zena Rajabu', 'zena', 'rajabu', '', '', '', 'Masasi', 0),
(32, 'Salima Mponda', 'salima', 'mponda', '', '', '', 'Masasi', 0),
(33, 'Laina Selemani', 'laina', 'selemani', '', '', '', 'Masasi', 0),
(34, 'Mable Mandova', 'mable', 'david', '', '', '', 'Masasi', 0),
(35, 'Sebastian Ndimbo', 'sebastian', 'ndimbo', '', '', '', 'Masasi', 0),
(36, 'Luambano Kihoma', 'luambano', 'k1h0m4', '', '', 'SUA', 'Morogoro', 1),
(37, 'Gladness Brush', 'gladness', 'brush', '', '', '', 'Masasi', 1),
(38, 'Fadhili Stambuli', 'fadhili_swissaid', 'st4mb0l1', '', '', '', 'Masasi', 1),
(39, 'Hamza Suleyman', 'hamza', 's0l3ym4n', '', '', '', 'Chambezi', 1),
(40, 'Ndechihiro Maro', 'ndechi', 'm4r0', '', '', '', 'Morogoro', 1),
(41, 'Alexander Wostry', 'alex', 'w0stry', '', '', '', 'Morogoro', 1),
(43, 'Ayoub Ndee', 'ayoub', 'ndee', '', '', '', 'Chambezi', 1),
(44, 'Zainabu Saidi', 'zainabu', 'saidi', '', '', '', '', 0),
(51, 'Nicolas Drig', 'nicolas', 'd0r1g', '', '', '', '', 1),
(52, 'Zuwena Yahaya', 'zuwena', 'yahaya', '', '', '', 'Masasi', 0),
(53, 'Salum Masudi', 'salum', 'masudi', '', '', '', 'Masasi', 0),
(54, 'Asumin Abraham', 'asumin', 'abraham', '', '', '', 'Masasi', 0),
(55, 'Huna Ishaka Abdallah', 'huna', 'ishaka', '', '', '', 'Bagamoyo', 0),
(56, 'Amina Mohamed', 'amina', 'mohamed', '', '', '', 'Bagamoyo', 0),
(57, 'Mariam Mchayungu', 'mariam', 'mchayungu', '', '', '', 'Bagamoyo', 0),
(61, 'Ernest Thomas', 'ernest', 'thomas', '', '', '', 'Morogoro', 0),
(62, 'Muhidini Kibwana', 'muhidini', 'kibwana', '', '', '', 'Morogoro', 0),
(63, 'Tamari Mahewa', 'tamari', 'mahewa', '', '', '', 'Morogoro', 0),
(64, 'Angelika Hilbeck', 'angelika', 'hilbeck', '', '', '', '', 1),
(65, 'Bahatisha Udugu', 'bahatisha', 'udugu', '', '', '', 'Bagamoyo', 0),
(66, 'Juliana Mayenje', 'juliana', 'mayenje', '', '', '', 'Bagamoyo', 0);

--
-- Indexes for dumped tables
--

--
-- Indexes for table `crop`
--
ALTER TABLE `crop`
  ADD PRIMARY KEY (`crop_id`);

--
-- Indexes for table `crop_x_plot`
--
ALTER TABLE `crop_x_plot`
  ADD PRIMARY KEY (`crop_x_plot_id`);

--
-- Indexes for table `data_item`
--
ALTER TABLE `data_item`
  ADD PRIMARY KEY (`data_item_id`);

--
-- Indexes for table `farm`
--
ALTER TABLE `farm`
  ADD PRIMARY KEY (`farm_id`);

--
-- Indexes for table `log`
--
ALTER TABLE `log`
  ADD PRIMARY KEY (`log_id`);

--
-- Indexes for table `plot`
--
ALTER TABLE `plot`
  ADD PRIMARY KEY (`plot_id`);

--
-- Indexes for table `treatment`
--
ALTER TABLE `treatment`
  ADD PRIMARY KEY (`treatment_id`);

--
-- Indexes for table `treatment_ingredient`
--
ALTER TABLE `treatment_ingredient`
  ADD PRIMARY KEY (`treatment_ingredient_id`);

--
-- Indexes for table `treatment_ingredient_x_plot`
--
ALTER TABLE `treatment_ingredient_x_plot`
  ADD PRIMARY KEY (`treatment_ingredient_x_plot`);

--
-- Indexes for table `units`
--
ALTER TABLE `units`
  ADD PRIMARY KEY (`units_id`);

--
-- Indexes for table `user`
--
ALTER TABLE `user`
  ADD PRIMARY KEY (`user_id`);

--
-- AUTO_INCREMENT for dumped tables
--

--
-- AUTO_INCREMENT for table `crop`
--
ALTER TABLE `crop`
  MODIFY `crop_id` int(10) unsigned NOT NULL AUTO_INCREMENT,AUTO_INCREMENT=51;
--
-- AUTO_INCREMENT for table `crop_x_plot`
--
ALTER TABLE `crop_x_plot`
  MODIFY `crop_x_plot_id` int(10) unsigned NOT NULL AUTO_INCREMENT,AUTO_INCREMENT=789;
--
-- AUTO_INCREMENT for table `data_item`
--
ALTER TABLE `data_item`
  MODIFY `data_item_id` int(10) unsigned NOT NULL AUTO_INCREMENT,AUTO_INCREMENT=17;
--
-- AUTO_INCREMENT for table `farm`
--
ALTER TABLE `farm`
  MODIFY `farm_id` int(10) unsigned NOT NULL AUTO_INCREMENT,AUTO_INCREMENT=325;
--
-- AUTO_INCREMENT for table `log`
--
ALTER TABLE `log`
  MODIFY `log_id` int(10) unsigned NOT NULL AUTO_INCREMENT,AUTO_INCREMENT=8012;
--
-- AUTO_INCREMENT for table `plot`
--
ALTER TABLE `plot`
  MODIFY `plot_id` int(10) unsigned NOT NULL AUTO_INCREMENT,AUTO_INCREMENT=690;
--
-- AUTO_INCREMENT for table `treatment`
--
ALTER TABLE `treatment`
  MODIFY `treatment_id` int(10) unsigned NOT NULL AUTO_INCREMENT,AUTO_INCREMENT=3;
--
-- AUTO_INCREMENT for table `treatment_ingredient`
--
ALTER TABLE `treatment_ingredient`
  MODIFY `treatment_ingredient_id` int(10) unsigned NOT NULL AUTO_INCREMENT,AUTO_INCREMENT=22;
--
-- AUTO_INCREMENT for table `treatment_ingredient_x_plot`
--
ALTER TABLE `treatment_ingredient_x_plot`
  MODIFY `treatment_ingredient_x_plot` int(10) unsigned NOT NULL AUTO_INCREMENT,AUTO_INCREMENT=1020;
--
-- AUTO_INCREMENT for table `units`
--
ALTER TABLE `units`
  MODIFY `units_id` int(10) unsigned NOT NULL AUTO_INCREMENT,AUTO_INCREMENT=9;
--
-- AUTO_INCREMENT for table `user`
--
ALTER TABLE `user`
  MODIFY `user_id` int(10) unsigned NOT NULL AUTO_INCREMENT,AUTO_INCREMENT=67;
/*!40101 SET CHARACTER_SET_CLIENT=@OLD_CHARACTER_SET_CLIENT */;
/*!40101 SET CHARACTER_SET_RESULTS=@OLD_CHARACTER_SET_RESULTS */;
/*!40101 SET COLLATION_CONNECTION=@OLD_COLLATION_CONNECTION */;
